{
    "local_variable": {
        "1393434625": {
            "variable_dict": {
                "INTEGER": {
                    "i": 0
                }, 
                "POINT": {
                    "p": [
                        0, 
                        0, 
                        0
                    ]
                }, 
                "UNIT_GROUP": {
                    "us": []
                }
            }, 
            "variable_length_dict": {
                "i": 0, 
                "p": 0, 
                "us": 0
            }
        }
    }, 
    "trigger_dict": {
        "1251676162": {
            "action": [
                {
                    "action_type": "PLAY_ANIMATION", 
                    "args_list": [
                        {
                            "arg_type": 100006, 
                            "args_list": [], 
                            "sub_type": "ABILITY_OWNER"
                        }, 
                        {
                            "arg_type": 100003, 
                            "args_list": [
                                "ability_1"
                            ], 
                            "sub_type": 1
                        }, 
                        {
                            "arg_type": 100000, 
                            "args_list": [
                                1.0
                            ], 
                            "sub_type": 1
                        }, 
                        {
                            "arg_type": 100000, 
                            "args_list": [
                                0.0
                            ], 
                            "sub_type": 1
                        }, 
                        {
                            "arg_type": 100000, 
                            "args_list": [
                                -1.0
                            ], 
                            "sub_type": 1
                        }, 
                        {
                            "arg_type": 100001, 
                            "args_list": [
                                false
                            ], 
                            "sub_type": 1
                        }, 
                        {
                            "arg_type": 100001, 
                            "args_list": [
                                true
                            ], 
                            "sub_type": 1
                        }
                    ], 
                    "bp": false, 
                    "element_id": 12751953930015, 
                    "enable": true
                }
            ], 
            "call_enabled": true, 
            "condition": [], 
            "enabled": true, 
            "event": [
                {
                    "args_list": [], 
                    "element_id": 12516761620002, 
                    "enable": true, 
                    "event_type": "ABILITY_PS_START"
                }
            ], 
            "group_id": 134280921, 
            "p_trigger_id": null, 
            "trigger_id": 1251676162, 
            "trigger_name": "\u65b0\u5efa\u89e6\u53d1\u5668_2", 
            "valid": true
        }, 
        "1393434625": {
            "action": [
                {
                    "action_type": "SET_VARIABLE", 
                    "args_list": [
                        {
                            "arg_type": 100030, 
                            "args_list": [
                                [
                                    "FLOAT", 
                                    "\u62c9\u56de\u65f6\u95f4", 
                                    "actor"
                                ]
                            ], 
                            "sub_type": 1
                        }, 
                        {
                            "arg_type": 100000, 
                            "args_list": [
                                0.5
                            ], 
                            "sub_type": 1
                        }
                    ], 
                    "bp": false, 
                    "element_id": 1393434625250195, 
                    "enable": true
                }, 
                {
                    "action_type": "SET_VARIABLE", 
                    "args_list": [
                        {
                            "arg_type": 100030, 
                            "args_list": [
                                [
                                    "FLOAT", 
                                    "\u989d\u5916\u8ddd\u79bb", 
                                    "actor"
                                ]
                            ], 
                            "sub_type": 1
                        }, 
                        {
                            "arg_type": 100000, 
                            "args_list": [
                                0.0
                            ], 
                            "sub_type": 1
                        }
                    ], 
                    "bp": false, 
                    "element_id": 1393434625250198, 
                    "enable": true
                }, 
                {
                    "action_type": "SET_VARIABLE", 
                    "args_list": [
                        {
                            "arg_type": 100030, 
                            "args_list": [
                                [
                                    "UNIT_GROUP", 
                                    "\u62c9\u56de\u6765\u7684\u5355\u4f4d", 
                                    "actor"
                                ]
                            ], 
                            "sub_type": 1
                        }, 
                        {
                            "arg_type": 100026, 
                            "args_list": [], 
                            "sub_type": "NONE_UNIT_GROUP"
                        }
                    ], 
                    "bp": false, 
                    "element_id": 13934346250075, 
                    "enable": true
                }, 
                {
                    "action_type": "SET_VARIABLE", 
                    "args_list": [
                        {
                            "arg_type": 100030, 
                            "args_list": [
                                [
                                    "POINT", 
                                    "\u56de\u62c9\u70b9", 
                                    "actor"
                                ]
                            ], 
                            "sub_type": 1
                        }, 
                        {
                            "arg_type": 100004, 
                            "args_list": [
                                {
                                    "arg_type": 100006, 
                                    "args_list": [], 
                                    "sub_type": "ABILITY_OWNER"
                                }
                            ], 
                            "sub_type": "UNIT_ENTITY_POINT"
                        }
                    ], 
                    "bp": false, 
                    "element_id": 13934346250090, 
                    "enable": true
                }, 
                {
                    "action_type": "PICK_UNIT_DO_ACTION", 
                    "args_list": [
                        {
                            "arg_type": 100026, 
                            "args_list": [
                                {
                                    "arg_type": 100004, 
                                    "args_list": [
                                        {
                                            "arg_type": 100006, 
                                            "args_list": [], 
                                            "sub_type": "ABILITY_OWNER"
                                        }
                                    ], 
                                    "sub_type": "UNIT_ENTITY_POINT"
                                }, 
                                {
                                    "arg_type": 100211, 
                                    "args_list": [
                                        {
                                            "arg_type": 100000, 
                                            "args_list": [
                                                {
                                                    "arg_type": 100000, 
                                                    "args_list": [
                                                        {
                                                            "arg_type": 100014, 
                                                            "args_list": [], 
                                                            "sub_type": "CUR_ABILITY"
                                                        }, 
                                                        {
                                                            "arg_type": 100078, 
                                                            "args_list": [
                                                                "ability_damage_range"
                                                            ], 
                                                            "sub_type": 1
                                                        }
                                                    ], 
                                                    "sub_type": "GET_ABILITY_FLOAT_ATTR"
                                                }, 
                                                {
                                                    "arg_type": 100017, 
                                                    "args_list": [
                                                        "+"
                                                    ], 
                                                    "sub_type": 1
                                                }, 
                                                {
                                                    "arg_type": 100000, 
                                                    "args_list": [
                                                        [
                                                            "FLOAT", 
                                                            "\u989d\u5916\u8ddd\u79bb", 
                                                            "actor"
                                                        ]
                                                    ], 
                                                    "sub_type": 2
                                                }
                                            ], 
                                            "sub_type": "ARITHMETIC_OPERATION"
                                        }
                                    ], 
                                    "sub_type": "CONST_CIRCULAR_SHAPE"
                                }
                            ], 
                            "op_arg": [
                                null, 
                                null, 
                                null, 
                                null, 
                                null, 
                                null, 
                                null, 
                                {
                                    "arg_type": 100006, 
                                    "args_list": [], 
                                    "sub_type": "ABILITY_OWNER"
                                }, 
                                null, 
                                null, 
                                null, 
                                {
                                    "arg_type": 100001, 
                                    "args_list": [
                                        false
                                    ], 
                                    "sub_type": 1
                                }, 
                                null, 
                                null
                            ], 
                            "op_arg_enable": [
                                false, 
                                false, 
                                false, 
                                false, 
                                false, 
                                false, 
                                false, 
                                true, 
                                false, 
                                false, 
                                false, 
                                true, 
                                false, 
                                false
                            ], 
                            "sub_type": "UNIT_LIST_IN_SHAPE"
                        }, 
                        {
                            "arg_type": 100022, 
                            "args_list": [
                                {
                                    "action_type": "IF_THEN_ELSE", 
                                    "args_list": [
                                        {
                                            "arg_type": 100021, 
                                            "args_list": [
                                                {
                                                    "args_list": [
                                                        {
                                                            "arg_type": 100010, 
                                                            "args_list": [
                                                                2
                                                            ], 
                                                            "sub_type": 1
                                                        }, 
                                                        {
                                                            "arg_type": 100035, 
                                                            "args_list": [
                                                                "!="
                                                            ], 
                                                            "sub_type": 1
                                                        }, 
                                                        {
                                                            "arg_type": 100010, 
                                                            "args_list": [
                                                                {
                                                                    "arg_type": 100006, 
                                                                    "args_list": [], 
                                                                    "sub_type": "FOR_EACH_SELECTED_UNIT"
                                                                }
                                                            ], 
                                                            "sub_type": "GET_UNIT_TYPE"
                                                        }
                                                    ], 
                                                    "condition_type": "UNIT_TYPE_COMPARE", 
                                                    "element_id": 13934346250004, 
                                                    "enable": true
                                                }, 
                                                {
                                                    "args_list": [
                                                        {
                                                            "arg_type": 100006, 
                                                            "args_list": [], 
                                                            "sub_type": "ABILITY_OWNER"
                                                        }, 
                                                        {
                                                            "arg_type": 100006, 
                                                            "args_list": [], 
                                                            "sub_type": "FOR_EACH_SELECTED_UNIT"
                                                        }
                                                    ], 
                                                    "condition_type": "IS_ENEMY", 
                                                    "element_id": 13934346250005, 
                                                    "enable": true
                                                }
                                            ], 
                                            "sub_type": 1
                                        }, 
                                        {
                                            "arg_type": 100022, 
                                            "args_list": [
                                                {
                                                    "action_type": "GROUP_ADD_UNIT", 
                                                    "args_list": [
                                                        {
                                                            "arg_type": 100006, 
                                                            "args_list": [], 
                                                            "sub_type": "FOR_EACH_SELECTED_UNIT"
                                                        }, 
                                                        {
                                                            "arg_type": 100026, 
                                                            "args_list": [
                                                                [
                                                                    "UNIT_GROUP", 
                                                                    "\u62c9\u56de\u6765\u7684\u5355\u4f4d", 
                                                                    "actor"
                                                                ], 
                                                                null
                                                            ], 
                                                            "sub_type": 14
                                                        }
                                                    ], 
                                                    "bp": false, 
                                                    "element_id": 13934346250091, 
                                                    "enable": true
                                                }, 
                                                {
                                                    "action_type": "APPLY_DAMAGE", 
                                                    "args_list": [
                                                        {
                                                            "arg_type": 100006, 
                                                            "args_list": [], 
                                                            "sub_type": "ABILITY_OWNER"
                                                        }, 
                                                        {
                                                            "arg_type": 100014, 
                                                            "args_list": [], 
                                                            "sub_type": "CUR_ABILITY"
                                                        }, 
                                                        {
                                                            "arg_type": 100006, 
                                                            "args_list": [], 
                                                            "sub_type": "FOR_EACH_SELECTED_UNIT"
                                                        }, 
                                                        {
                                                            "arg_type": 100064, 
                                                            "args_list": [
                                                                0
                                                            ], 
                                                            "sub_type": 1
                                                        }, 
                                                        {
                                                            "arg_type": 100000, 
                                                            "args_list": [
                                                                {
                                                                    "arg_type": 100014, 
                                                                    "args_list": [], 
                                                                    "sub_type": "CUR_ABILITY"
                                                                }, 
                                                                {
                                                                    "arg_type": 100003, 
                                                                    "args_list": [
                                                                        "damage"
                                                                    ], 
                                                                    "sub_type": 1
                                                                }
                                                            ], 
                                                            "sub_type": "GET_FLOAT_KV"
                                                        }, 
                                                        {
                                                            "arg_type": 100001, 
                                                            "args_list": [
                                                                true
                                                            ], 
                                                            "sub_type": 1
                                                        }
                                                    ], 
                                                    "bp": false, 
                                                    "element_id": 13934346250007, 
                                                    "enable": true, 
                                                    "op_arg": [
                                                        {
                                                            "arg_type": 100001, 
                                                            "args_list": [
                                                                true
                                                            ], 
                                                            "sub_type": 1
                                                        }, 
                                                        {
                                                            "arg_type": 100001, 
                                                            "args_list": [
                                                                true
                                                            ], 
                                                            "sub_type": 1
                                                        }, 
                                                        {
                                                            "arg_type": 100001, 
                                                            "args_list": [
                                                                true
                                                            ], 
                                                            "sub_type": 1
                                                        }, 
                                                        null, 
                                                        null, 
                                                        null
                                                    ], 
                                                    "op_arg_enable": [
                                                        false, 
                                                        false, 
                                                        false, 
                                                        false, 
                                                        false, 
                                                        false
                                                    ]
                                                }
                                            ], 
                                            "sub_type": 1
                                        }, 
                                        {
                                            "arg_type": 100022, 
                                            "args_list": [], 
                                            "sub_type": 1
                                        }
                                    ], 
                                    "bp": false, 
                                    "element_id": 13934346250008, 
                                    "enable": true, 
                                    "fake_op": []
                                }
                            ], 
                            "sub_type": 1
                        }
                    ], 
                    "bp": false, 
                    "element_id": 13934346250006, 
                    "enable": true
                }, 
                {
                    "action_type": "CREATE_SFX_ON_POINT", 
                    "args_list": [
                        {
                            "arg_type": 100066, 
                            "args_list": [
                                102869
                            ], 
                            "sub_type": 1
                        }, 
                        {
                            "arg_type": 100004, 
                            "args_list": [
                                {
                                    "arg_type": 100006, 
                                    "args_list": [], 
                                    "sub_type": "ABILITY_OWNER"
                                }
                            ], 
                            "sub_type": "UNIT_ENTITY_POINT"
                        }
                    ], 
                    "bp": false, 
                    "element_id": 13934346250019, 
                    "enable": true, 
                    "op_arg": [
                        null, 
                        {
                            "arg_type": 100000, 
                            "args_list": [
                                0.8
                            ], 
                            "sub_type": 1
                        }, 
                        null, 
                        {
                            "arg_type": 100000, 
                            "args_list": [
                                1.0
                            ], 
                            "sub_type": 1
                        }, 
                        null
                    ], 
                    "op_arg_enable": [
                        false, 
                        true, 
                        false, 
                        true, 
                        false
                    ]
                }, 
                {
                    "action_type": "RUN_ONCE_TIMER_NO_SAVE", 
                    "args_list": [
                        {
                            "arg_type": 100000, 
                            "args_list": [
                                [
                                    "FLOAT", 
                                    "\u62c9\u56de\u65f6\u95f4", 
                                    "actor"
                                ]
                            ], 
                            "sub_type": 2
                        }, 
                        {
                            "arg_type": 100022, 
                            "args_list": [
                                {
                                    "action_type": "PICK_UNIT_DO_ACTION", 
                                    "args_list": [
                                        {
                                            "arg_type": 100026, 
                                            "args_list": [
                                                [
                                                    "UNIT_GROUP", 
                                                    "\u62c9\u56de\u6765\u7684\u5355\u4f4d", 
                                                    "actor"
                                                ], 
                                                null
                                            ], 
                                            "sub_type": 14
                                        }, 
                                        {
                                            "arg_type": 100022, 
                                            "args_list": [
                                                {
                                                    "action_type": "IF_THEN_ELSE", 
                                                    "args_list": [
                                                        {
                                                            "arg_type": 100021, 
                                                            "args_list": [
                                                                {
                                                                    "args_list": [
                                                                        {
                                                                            "arg_type": 100006, 
                                                                            "args_list": [], 
                                                                            "sub_type": "FOR_EACH_SELECTED_UNIT"
                                                                        }
                                                                    ], 
                                                                    "condition_type": "IS_UNIT_ALIVE", 
                                                                    "element_id": 13934346250011, 
                                                                    "enable": true
                                                                }
                                                            ], 
                                                            "sub_type": 1
                                                        }, 
                                                        {
                                                            "arg_type": 100022, 
                                                            "args_list": [
                                                                {
                                                                    "action_type": "CREATE_STRAIGHT_MOVER", 
                                                                    "args_list": [
                                                                        {
                                                                            "arg_type": 100006, 
                                                                            "args_list": [], 
                                                                            "sub_type": "FOR_EACH_SELECTED_UNIT"
                                                                        }, 
                                                                        {
                                                                            "arg_type": 100225, 
                                                                            "args_list": [
                                                                                {
                                                                                    "arg_type": 100004, 
                                                                                    "args_list": [
                                                                                        {
                                                                                            "arg_type": 100006, 
                                                                                            "args_list": [], 
                                                                                            "sub_type": "FOR_EACH_SELECTED_UNIT"
                                                                                        }
                                                                                    ], 
                                                                                    "sub_type": "UNIT_ENTITY_POINT"
                                                                                }, 
                                                                                {
                                                                                    "arg_type": 100004, 
                                                                                    "args_list": [
                                                                                        [
                                                                                            "POINT", 
                                                                                            "\u56de\u62c9\u70b9", 
                                                                                            "actor"
                                                                                        ], 
                                                                                        null
                                                                                    ], 
                                                                                    "sub_type": 19
                                                                                }
                                                                            ], 
                                                                            "sub_type": "GET_POINTS_ANGLE"
                                                                        }, 
                                                                        {
                                                                            "arg_type": 100000, 
                                                                            "args_list": [
                                                                                100.0
                                                                            ], 
                                                                            "sub_type": 1
                                                                        }, 
                                                                        {
                                                                            "arg_type": 100000, 
                                                                            "args_list": [
                                                                                800.0
                                                                            ], 
                                                                            "sub_type": 1
                                                                        }, 
                                                                        {
                                                                            "arg_type": 100000, 
                                                                            "args_list": [
                                                                                0.0
                                                                            ], 
                                                                            "sub_type": 1
                                                                        }, 
                                                                        {
                                                                            "arg_type": 100022, 
                                                                            "args_list": [
                                                                                {
                                                                                    "action_type": "TRANS_UNIT", 
                                                                                    "args_list": [
                                                                                        {
                                                                                            "arg_type": 100006, 
                                                                                            "args_list": [], 
                                                                                            "sub_type": "FOR_EACH_SELECTED_UNIT"
                                                                                        }, 
                                                                                        {
                                                                                            "arg_type": 100004, 
                                                                                            "args_list": [
                                                                                                {
                                                                                                    "arg_type": 100006, 
                                                                                                    "args_list": [], 
                                                                                                    "sub_type": "FOR_EACH_SELECTED_UNIT"
                                                                                                }
                                                                                            ], 
                                                                                            "sub_type": "FIND_NEAREST_VALID_POSITION"
                                                                                        }
                                                                                    ], 
                                                                                    "bp": false, 
                                                                                    "element_id": 474619905900126, 
                                                                                    "enable": true
                                                                                }
                                                                            ], 
                                                                            "sub_type": 1
                                                                        }, 
                                                                        {
                                                                            "arg_type": 100022, 
                                                                            "args_list": [], 
                                                                            "sub_type": 1
                                                                        }, 
                                                                        {
                                                                            "arg_type": 100022, 
                                                                            "args_list": [], 
                                                                            "sub_type": 1
                                                                        }, 
                                                                        {
                                                                            "arg_type": 100022, 
                                                                            "args_list": [], 
                                                                            "sub_type": 1
                                                                        }, 
                                                                        {
                                                                            "arg_type": 100022, 
                                                                            "args_list": [], 
                                                                            "sub_type": 1
                                                                        }
                                                                    ], 
                                                                    "bp": false, 
                                                                    "element_id": 13934346250012, 
                                                                    "enable": true, 
                                                                    "fake_op": [], 
                                                                    "local_var": [
                                                                        {}, 
                                                                        {}
                                                                    ], 
                                                                    "op_arg": [
                                                                        null, 
                                                                        null, 
                                                                        null, 
                                                                        null, 
                                                                        null, 
                                                                        null, 
                                                                        null, 
                                                                        null, 
                                                                        null, 
                                                                        null, 
                                                                        null, 
                                                                        null, 
                                                                        null, 
                                                                        null, 
                                                                        null, 
                                                                        null
                                                                    ], 
                                                                    "op_arg_enable": [
                                                                        false, 
                                                                        false, 
                                                                        false, 
                                                                        false, 
                                                                        false, 
                                                                        false, 
                                                                        false, 
                                                                        false, 
                                                                        false, 
                                                                        false, 
                                                                        false, 
                                                                        false, 
                                                                        false, 
                                                                        false, 
                                                                        false, 
                                                                        false
                                                                    ]
                                                                }
                                                            ], 
                                                            "sub_type": 1
                                                        }, 
                                                        {
                                                            "arg_type": 100022, 
                                                            "args_list": [], 
                                                            "sub_type": 1
                                                        }
                                                    ], 
                                                    "bp": false, 
                                                    "element_id": 13934346250013, 
                                                    "enable": true, 
                                                    "fake_op": []
                                                }
                                            ], 
                                            "sub_type": 1
                                        }
                                    ], 
                                    "bp": false, 
                                    "element_id": 13934346250014, 
                                    "enable": true
                                }
                            ], 
                            "sub_type": 1
                        }
                    ], 
                    "bp": false, 
                    "element_id": 13934346250035, 
                    "enable": true, 
                    "local_var": [
                        {}, 
                        {}
                    ]
                }
            ], 
            "call_enabled": true, 
            "condition": [], 
            "enabled": true, 
            "event": [
                {
                    "args_list": [], 
                    "element_id": 13934346250002, 
                    "enable": true, 
                    "event_type": "ABILITY_SP_END"
                }
            ], 
            "group_id": 134280921, 
            "p_trigger_id": null, 
            "trigger_id": 1393434625, 
            "trigger_name": "\u65b0\u5efa\u89e6\u53d1\u5668", 
            "valid": true
        }
    }, 
    "trigger_group_info": [
        {
            "_trigger_group_": true, 
            "group": [
                [
                    1251676162, 
                    "\u65b0\u5efa\u89e6\u53d1\u5668_2"
                ], 
                [
                    1393434625, 
                    "\u65b0\u5efa\u89e6\u53d1\u5668"
                ]
            ], 
            "key": 134280921, 
            "name": "134280921"
        }
    ], 
    "trigger_version": "1.2", 
    "variable_dict": {
        "FLOAT": {
            "\u62c9\u56de\u65f6\u95f4": 0.0, 
            "\u989d\u5916\u8ddd\u79bb": 0.0
        }, 
        "POINT": {
            "\u56de\u62c9\u70b9": [
                0, 
                0, 
                0
            ]
        }, 
        "UNIT_GROUP": {
            "\u62c9\u56de\u6765\u7684\u5355\u4f4d": []
        }
    }, 
    "variable_group_info": [
        [
            "\u62c9\u56de\u6765\u7684\u5355\u4f4d", 
            "(\u62c9\u56de\u6765\u7684\u5355\u4f4d)_2"
        ], 
        [
            "\u56de\u62c9\u70b9", 
            "(\u56de\u62c9\u70b9)_2"
        ], 
        [
            "\u62c9\u56de\u65f6\u95f4", 
            "\u62c9\u56de\u65f6\u95f4"
        ], 
        [
            "\u989d\u5916\u8ddd\u79bb", 
            "\u989d\u5916\u8ddd\u79bb"
        ]
    ], 
    "variable_length_dict": {
        "\u56de\u62c9\u70b9": 0, 
        "\u62c9\u56de\u65f6\u95f4": 0, 
        "\u62c9\u56de\u6765\u7684\u5355\u4f4d": 0, 
        "\u989d\u5916\u8ddd\u79bb": 0
    }
}