{
    "local_variable": {
        "1476026370": {
            "variable_dict": {
                "BOOLEAN": {
                    "dmg": false
                }, 
                "FLOAT": {
                    "rate": 0.0
                }
            }, 
            "variable_length_dict": {
                "dmg": 0, 
                "rate": 0
            }
        }
    }, 
    "trigger_dict": {
        "607383555": {
            "action": [
                {
                    "action_type": "DELETE_SFX_ENTITY", 
                    "args_list": [
                        {
                            "arg_type": 100148, 
                            "args_list": [
                                [
                                    "SFX_ENTITY", 
                                    "effect1", 
                                    "actor"
                                ], 
                                null
                            ], 
                            "sub_type": 4
                        }
                    ], 
                    "bp": false, 
                    "element_id": 6073835550012, 
                    "enable": true, 
                    "op_arg": [
                        {
                            "arg_type": 100001, 
                            "args_list": [
                                true
                            ], 
                            "sub_type": 1
                        }
                    ], 
                    "op_arg_enable": [
                        false
                    ]
                }, 
                {
                    "action_type": "REMOVE_BUFF_INS", 
                    "args_list": [
                        {
                            "arg_type": 100076, 
                            "args_list": [
                                [
                                    "MODIFIER_ENTITY", 
                                    "bf", 
                                    "actor"
                                ], 
                                null
                            ], 
                            "sub_type": 11
                        }
                    ], 
                    "bp": false, 
                    "element_id": 6073835550008, 
                    "enable": true
                }
            ], 
            "call_enabled": true, 
            "condition": [], 
            "enabled": true, 
            "event": [
                {
                    "args_list": [], 
                    "element_id": 6073835550002, 
                    "enable": true, 
                    "event_type": "ABILITY_END"
                }
            ], 
            "group_id": 201350077, 
            "p_trigger_id": null, 
            "trigger_id": 607383555, 
            "trigger_name": "The_new_trigger__3", 
            "valid": true
        }, 
        "855269377": {
            "action": [
                {
                    "action_type": "PLAY_ANIMATION", 
                    "args_list": [
                        {
                            "arg_type": 100006, 
                            "args_list": [], 
                            "sub_type": "ABILITY_OWNER"
                        }, 
                        {
                            "arg_type": 100003, 
                            "args_list": [
                                "ability_20001"
                            ], 
                            "sub_type": 1
                        }, 
                        {
                            "arg_type": 100000, 
                            "args_list": [
                                1.0
                            ], 
                            "sub_type": 1
                        }, 
                        {
                            "arg_type": 100000, 
                            "args_list": [
                                0
                            ], 
                            "sub_type": 1
                        }, 
                        {
                            "arg_type": 100000, 
                            "args_list": [
                                -1
                            ], 
                            "sub_type": 1
                        }, 
                        {
                            "arg_type": 100001, 
                            "args_list": [
                                false
                            ], 
                            "sub_type": 1
                        }, 
                        {
                            "arg_type": 100001, 
                            "args_list": [
                                true
                            ], 
                            "sub_type": 1
                        }
                    ], 
                    "bp": false, 
                    "element_id": 8552693770006, 
                    "enable": true
                }, 
                {
                    "action_type": "SET_VARIABLE", 
                    "args_list": [
                        {
                            "arg_type": 100148, 
                            "args_list": [
                                [
                                    "SFX_ENTITY", 
                                    "effect1", 
                                    "actor"
                                ], 
                                null
                            ], 
                            "sub_type": 4
                        }, 
                        {
                            "arg_type": 100148, 
                            "args_list": [
                                {
                                    "arg_type": 100066, 
                                    "args_list": [
                                        100911
                                    ], 
                                    "sub_type": 1
                                }, 
                                {
                                    "arg_type": 100004, 
                                    "args_list": [
                                        {
                                            "arg_type": 100006, 
                                            "args_list": [], 
                                            "sub_type": "ABILITY_OWNER"
                                        }
                                    ], 
                                    "sub_type": "UNIT_ENTITY_POINT"
                                }
                            ], 
                            "op_arg": [
                                {
                                    "arg_type": 100225, 
                                    "args_list": [
                                        {
                                            "arg_type": 100000, 
                                            "args_list": [
                                                0.0
                                            ], 
                                            "sub_type": 1
                                        }
                                    ], 
                                    "sub_type": "GET_ANGLE_BY_FLOAT"
                                }, 
                                {
                                    "arg_type": 100000, 
                                    "args_list": [
                                        1.0
                                    ], 
                                    "sub_type": 1
                                }, 
                                null, 
                                {
                                    "arg_type": 100000, 
                                    "args_list": [
                                        2.0
                                    ], 
                                    "sub_type": 1
                                }, 
                                null
                            ], 
                            "op_arg_enable": [
                                false, 
                                true, 
                                false, 
                                true, 
                                false
                            ], 
                            "sub_type": "CREATE_SFX_ON_POINT"
                        }
                    ], 
                    "bp": false, 
                    "element_id": 8552693770021, 
                    "enable": true
                }, 
                {
                    "action_type": "SET_VARIABLE", 
                    "args_list": [
                        {
                            "arg_type": 100030, 
                            "args_list": [
                                [
                                    "MODIFIER_ENTITY", 
                                    "bf", 
                                    "actor"
                                ]
                            ], 
                            "sub_type": 1
                        }, 
                        {
                            "arg_type": 100076, 
                            "args_list": [
                                {
                                    "arg_type": 100006, 
                                    "args_list": [], 
                                    "sub_type": "ABILITY_OWNER"
                                }, 
                                {
                                    "arg_type": 100046, 
                                    "args_list": [
                                        201369981
                                    ], 
                                    "sub_type": 1
                                }
                            ], 
                            "op_arg": [
                                null, 
                                null, 
                                {
                                    "arg_type": 100000, 
                                    "args_list": [
                                        3.0
                                    ], 
                                    "sub_type": 1
                                }, 
                                null, 
                                null
                            ], 
                            "op_arg_enable": [
                                false, 
                                false, 
                                true, 
                                false, 
                                false
                            ], 
                            "sub_type": "ADD_MODIFIER"
                        }
                    ], 
                    "bp": false, 
                    "element_id": 8552693770045, 
                    "enable": true
                }, 
                {
                    "action_type": "SET_SFX_ANIMATION_SPEED", 
                    "args_list": [
                        {
                            "arg_type": 100148, 
                            "args_list": [
                                [
                                    "SFX_ENTITY", 
                                    "effect1", 
                                    "actor"
                                ], 
                                null
                            ], 
                            "sub_type": 4
                        }, 
                        {
                            "arg_type": 100000, 
                            "args_list": [
                                2.5
                            ], 
                            "sub_type": 1
                        }
                    ], 
                    "bp": false, 
                    "element_id": 14760263700043, 
                    "enable": true
                }
            ], 
            "call_enabled": true, 
            "condition": [], 
            "enabled": true, 
            "event": [
                {
                    "args_list": [], 
                    "element_id": 8552693770002, 
                    "enable": true, 
                    "event_type": "ABILITY_PS_START"
                }
            ], 
            "group_id": 201350077, 
            "p_trigger_id": null, 
            "trigger_id": 855269377, 
            "trigger_name": "The_new_trigger", 
            "valid": false
        }, 
        "1476026370": {
            "action": [
                {
                    "action_type": "SET_VARIABLE", 
                    "args_list": [
                        {
                            "arg_type": 100030, 
                            "args_list": [
                                [
                                    "FLOAT", 
                                    "rate", 
                                    "local"
                                ]
                            ], 
                            "sub_type": 1
                        }, 
                        {
                            "arg_type": 100000, 
                            "args_list": [
                                {
                                    "arg_type": 100076, 
                                    "args_list": [
                                        [
                                            "MODIFIER_ENTITY", 
                                            "bf", 
                                            "actor"
                                        ], 
                                        null
                                    ], 
                                    "sub_type": 11
                                }
                            ], 
                            "sub_type": "GET_BUFF_REMAINING"
                        }
                    ], 
                    "bp": false, 
                    "element_id": 14760263700062, 
                    "enable": true
                }, 
                {
                    "action_type": "DELETE_SFX_ENTITY", 
                    "args_list": [
                        {
                            "arg_type": 100148, 
                            "args_list": [
                                [
                                    "SFX_ENTITY", 
                                    "effect1", 
                                    "actor"
                                ], 
                                null
                            ], 
                            "sub_type": 4
                        }
                    ], 
                    "bp": false, 
                    "element_id": 14760263700043, 
                    "enable": true, 
                    "op_arg": [
                        {
                            "arg_type": 100001, 
                            "args_list": [
                                true
                            ], 
                            "sub_type": 1
                        }
                    ], 
                    "op_arg_enable": [
                        false
                    ]
                }, 
                {
                    "action_type": "SET_VARIABLE", 
                    "args_list": [
                        {
                            "arg_type": 100030, 
                            "args_list": [
                                [
                                    "BOOLEAN", 
                                    "dmg", 
                                    "local"
                                ]
                            ], 
                            "sub_type": 1
                        }, 
                        {
                            "arg_type": 100001, 
                            "args_list": [
                                false
                            ], 
                            "sub_type": 1
                        }
                    ], 
                    "bp": false, 
                    "element_id": 14760263700047, 
                    "enable": true
                }, 
                {
                    "action_type": "PLAY_ANIMATION", 
                    "args_list": [
                        {
                            "arg_type": 100006, 
                            "args_list": [], 
                            "sub_type": "ABILITY_OWNER"
                        }, 
                        {
                            "arg_type": 100003, 
                            "args_list": [
                                "ability_20002"
                            ], 
                            "sub_type": 1
                        }, 
                        {
                            "arg_type": 100000, 
                            "args_list": [
                                1.0
                            ], 
                            "sub_type": 1
                        }, 
                        {
                            "arg_type": 100000, 
                            "args_list": [
                                0
                            ], 
                            "sub_type": 1
                        }, 
                        {
                            "arg_type": 100000, 
                            "args_list": [
                                -1
                            ], 
                            "sub_type": 1
                        }, 
                        {
                            "arg_type": 100001, 
                            "args_list": [
                                false
                            ], 
                            "sub_type": 1
                        }, 
                        {
                            "arg_type": 100001, 
                            "args_list": [
                                true
                            ], 
                            "sub_type": 1
                        }
                    ], 
                    "bp": false, 
                    "element_id": 8552693770006, 
                    "enable": true
                }, 
                {
                    "action_type": "CREATE_STRAIGHT_MOVER", 
                    "args_list": [
                        {
                            "arg_type": 100006, 
                            "args_list": [], 
                            "sub_type": "ABILITY_OWNER"
                        }, 
                        {
                            "arg_type": 100225, 
                            "args_list": [
                                {
                                    "arg_type": 100004, 
                                    "args_list": [
                                        {
                                            "arg_type": 100006, 
                                            "args_list": [], 
                                            "sub_type": "ABILITY_OWNER"
                                        }
                                    ], 
                                    "sub_type": "UNIT_ENTITY_POINT"
                                }, 
                                {
                                    "arg_type": 100004, 
                                    "args_list": [
                                        {
                                            "arg_type": 100014, 
                                            "args_list": [], 
                                            "sub_type": "CUR_ABILITY"
                                        }
                                    ], 
                                    "sub_type": "ABILITY_RELEASE_POSITION"
                                }
                            ], 
                            "sub_type": "GET_POINTS_ANGLE"
                        }, 
                        {
                            "arg_type": 100000, 
                            "args_list": [
                                {
                                    "arg_type": 100004, 
                                    "args_list": [
                                        {
                                            "arg_type": 100006, 
                                            "args_list": [], 
                                            "sub_type": "ABILITY_OWNER"
                                        }
                                    ], 
                                    "sub_type": "UNIT_ENTITY_POINT"
                                }, 
                                {
                                    "arg_type": 100004, 
                                    "args_list": [
                                        {
                                            "arg_type": 100014, 
                                            "args_list": [], 
                                            "sub_type": "CUR_ABILITY"
                                        }
                                    ], 
                                    "sub_type": "ABILITY_RELEASE_POSITION"
                                }
                            ], 
                            "sub_type": "GET_POINTS_DIS"
                        }, 
                        {
                            "arg_type": 100002, 
                            "args_list": [
                                1500
                            ], 
                            "sub_type": 1
                        }, 
                        {
                            "arg_type": 100000, 
                            "args_list": [
                                0
                            ], 
                            "sub_type": 1
                        }, 
                        {
                            "arg_type": 100022, 
                            "args_list": [
                                {
                                    "action_type": "CREATE_SFX_ON_POINT", 
                                    "args_list": [
                                        {
                                            "arg_type": 100066, 
                                            "args_list": [
                                                101987
                                            ], 
                                            "sub_type": 1
                                        }, 
                                        {
                                            "arg_type": 100004, 
                                            "args_list": [
                                                {
                                                    "arg_type": 100006, 
                                                    "args_list": [], 
                                                    "sub_type": "ABILITY_OWNER"
                                                }
                                            ], 
                                            "sub_type": "UNIT_ENTITY_POINT"
                                        }
                                    ], 
                                    "bp": false, 
                                    "element_id": 14760263700006, 
                                    "enable": true, 
                                    "op_arg": [
                                        null, 
                                        {
                                            "arg_type": 100000, 
                                            "args_list": [
                                                0.6
                                            ], 
                                            "sub_type": 1
                                        }, 
                                        null, 
                                        {
                                            "arg_type": 100000, 
                                            "args_list": [
                                                2.0
                                            ], 
                                            "sub_type": 1
                                        }, 
                                        null
                                    ], 
                                    "op_arg_enable": [
                                        false, 
                                        true, 
                                        false, 
                                        true, 
                                        false
                                    ]
                                }, 
                                {
                                    "action_type": "PICK_UNIT_DO_ACTION", 
                                    "args_list": [
                                        {
                                            "arg_type": 100026, 
                                            "args_list": [
                                                {
                                                    "arg_type": 100004, 
                                                    "args_list": [
                                                        {
                                                            "arg_type": 100014, 
                                                            "args_list": [], 
                                                            "sub_type": "CUR_ABILITY"
                                                        }
                                                    ], 
                                                    "sub_type": "ABILITY_RELEASE_POSITION"
                                                }, 
                                                {
                                                    "arg_type": 100211, 
                                                    "args_list": [
                                                        {
                                                            "arg_type": 100002, 
                                                            "args_list": [
                                                                400
                                                            ], 
                                                            "sub_type": 1
                                                        }
                                                    ], 
                                                    "sub_type": "CONST_CIRCULAR_SHAPE"
                                                }
                                            ], 
                                            "op_arg": [
                                                null, 
                                                null, 
                                                null, 
                                                null, 
                                                null, 
                                                null, 
                                                null, 
                                                null, 
                                                null, 
                                                null, 
                                                null, 
                                                null, 
                                                null, 
                                                null
                                            ], 
                                            "op_arg_enable": [
                                                false, 
                                                false, 
                                                false, 
                                                false, 
                                                false, 
                                                false, 
                                                false, 
                                                false, 
                                                false, 
                                                false, 
                                                false, 
                                                false, 
                                                false, 
                                                false
                                            ], 
                                            "sub_type": "UNIT_LIST_IN_SHAPE"
                                        }, 
                                        {
                                            "arg_type": 100022, 
                                            "args_list": [
                                                {
                                                    "action_type": "IF_THEN_ELSE", 
                                                    "args_list": [
                                                        {
                                                            "arg_type": 100021, 
                                                            "args_list": [
                                                                {
                                                                    "args_list": [
                                                                        {
                                                                            "arg_type": 100006, 
                                                                            "args_list": [], 
                                                                            "sub_type": "ABILITY_OWNER"
                                                                        }, 
                                                                        {
                                                                            "arg_type": 100006, 
                                                                            "args_list": [], 
                                                                            "sub_type": "FOR_EACH_SELECTED_UNIT"
                                                                        }
                                                                    ], 
                                                                    "condition_type": "IS_ENEMY", 
                                                                    "element_id": 14760263700007, 
                                                                    "enable": true
                                                                }
                                                            ], 
                                                            "sub_type": 1
                                                        }, 
                                                        {
                                                            "arg_type": 100022, 
                                                            "args_list": [
                                                                {
                                                                    "action_type": "SET_VARIABLE", 
                                                                    "args_list": [
                                                                        {
                                                                            "arg_type": 100030, 
                                                                            "args_list": [
                                                                                [
                                                                                    "BOOLEAN", 
                                                                                    "dmg", 
                                                                                    "local"
                                                                                ]
                                                                            ], 
                                                                            "sub_type": 1
                                                                        }, 
                                                                        {
                                                                            "arg_type": 100001, 
                                                                            "args_list": [
                                                                                true
                                                                            ], 
                                                                            "sub_type": 1
                                                                        }
                                                                    ], 
                                                                    "bp": false, 
                                                                    "element_id": 14760263700008, 
                                                                    "enable": true
                                                                }, 
                                                                {
                                                                    "action_type": "APPLY_DAMAGE", 
                                                                    "args_list": [
                                                                        {
                                                                            "arg_type": 100006, 
                                                                            "args_list": [], 
                                                                            "sub_type": "ABILITY_OWNER"
                                                                        }, 
                                                                        {
                                                                            "arg_type": 100014, 
                                                                            "args_list": [], 
                                                                            "sub_type": "CUR_ABILITY"
                                                                        }, 
                                                                        {
                                                                            "arg_type": 100006, 
                                                                            "args_list": [], 
                                                                            "sub_type": "FOR_EACH_SELECTED_UNIT"
                                                                        }, 
                                                                        {
                                                                            "arg_type": 100064, 
                                                                            "args_list": [
                                                                                0
                                                                            ], 
                                                                            "sub_type": 1
                                                                        }, 
                                                                        {
                                                                            "arg_type": 100000, 
                                                                            "args_list": [
                                                                                {
                                                                                    "arg_type": 100000, 
                                                                                    "args_list": [
                                                                                        {
                                                                                            "arg_type": 100014, 
                                                                                            "args_list": [], 
                                                                                            "sub_type": "CUR_ABILITY"
                                                                                        }, 
                                                                                        {
                                                                                            "arg_type": 100003, 
                                                                                            "args_list": [
                                                                                                "damage"
                                                                                            ], 
                                                                                            "sub_type": 1
                                                                                        }
                                                                                    ], 
                                                                                    "sub_type": "GET_FLOAT_KV"
                                                                                }, 
                                                                                {
                                                                                    "arg_type": 100017, 
                                                                                    "args_list": [
                                                                                        "*"
                                                                                    ], 
                                                                                    "sub_type": 1
                                                                                }, 
                                                                                {
                                                                                    "arg_type": 100000, 
                                                                                    "args_list": [
                                                                                        {
                                                                                            "arg_type": 100000, 
                                                                                            "args_list": [
                                                                                                0.1
                                                                                            ], 
                                                                                            "sub_type": 1
                                                                                        }, 
                                                                                        {
                                                                                            "arg_type": 100000, 
                                                                                            "args_list": [
                                                                                                {
                                                                                                    "arg_type": 100000, 
                                                                                                    "args_list": [
                                                                                                        [
                                                                                                            "FLOAT", 
                                                                                                            "rate", 
                                                                                                            "local"
                                                                                                        ], 
                                                                                                        null
                                                                                                    ], 
                                                                                                    "sub_type": 2
                                                                                                }, 
                                                                                                {
                                                                                                    "arg_type": 100017, 
                                                                                                    "args_list": [
                                                                                                        "-"
                                                                                                    ], 
                                                                                                    "sub_type": 1
                                                                                                }, 
                                                                                                {
                                                                                                    "arg_type": 100000, 
                                                                                                    "args_list": [
                                                                                                        1.5
                                                                                                    ], 
                                                                                                    "sub_type": 1
                                                                                                }
                                                                                            ], 
                                                                                            "sub_type": "ARITHMETIC_OPERATION"
                                                                                        }
                                                                                    ], 
                                                                                    "sub_type": "MAX_FLOAT"
                                                                                }
                                                                            ], 
                                                                            "sub_type": "ARITHMETIC_OPERATION"
                                                                        }, 
                                                                        {
                                                                            "arg_type": 100001, 
                                                                            "args_list": [
                                                                                true
                                                                            ], 
                                                                            "sub_type": 1
                                                                        }
                                                                    ], 
                                                                    "bp": false, 
                                                                    "element_id": 14760263700009, 
                                                                    "enable": true, 
                                                                    "op_arg": [
                                                                        {
                                                                            "arg_type": 100001, 
                                                                            "args_list": [
                                                                                true
                                                                            ], 
                                                                            "sub_type": 1
                                                                        }, 
                                                                        {
                                                                            "arg_type": 100001, 
                                                                            "args_list": [
                                                                                true
                                                                            ], 
                                                                            "sub_type": 1
                                                                        }, 
                                                                        {
                                                                            "arg_type": 100001, 
                                                                            "args_list": [
                                                                                true
                                                                            ], 
                                                                            "sub_type": 1
                                                                        }, 
                                                                        null, 
                                                                        null, 
                                                                        null
                                                                    ], 
                                                                    "op_arg_enable": [
                                                                        false, 
                                                                        false, 
                                                                        false, 
                                                                        false, 
                                                                        false, 
                                                                        false
                                                                    ]
                                                                }, 
                                                                {
                                                                    "action_type": "IF_THEN_ELSE", 
                                                                    "args_list": [
                                                                        {
                                                                            "arg_type": 100021, 
                                                                            "args_list": [
                                                                                {
                                                                                    "args_list": [
                                                                                        {
                                                                                            "arg_type": 100000, 
                                                                                            "args_list": [
                                                                                                [
                                                                                                    "FLOAT", 
                                                                                                    "rate", 
                                                                                                    "local"
                                                                                                ], 
                                                                                                null
                                                                                            ], 
                                                                                            "sub_type": 2
                                                                                        }, 
                                                                                        {
                                                                                            "arg_type": 100015, 
                                                                                            "args_list": [
                                                                                                ">="
                                                                                            ], 
                                                                                            "sub_type": 1
                                                                                        }, 
                                                                                        {
                                                                                            "arg_type": 100000, 
                                                                                            "args_list": [
                                                                                                1.0
                                                                                            ], 
                                                                                            "sub_type": 1
                                                                                        }
                                                                                    ], 
                                                                                    "condition_type": "FLOAT_COMPARE", 
                                                                                    "element_id": 14760263700010, 
                                                                                    "enable": true
                                                                                }
                                                                            ], 
                                                                            "sub_type": 1
                                                                        }, 
                                                                        {
                                                                            "arg_type": 100022, 
                                                                            "args_list": [
                                                                                {
                                                                                    "action_type": "IF_THEN_ELSE", 
                                                                                    "args_list": [
                                                                                        {
                                                                                            "arg_type": 100021, 
                                                                                            "args_list": [
                                                                                                {
                                                                                                    "args_list": [
                                                                                                        {
                                                                                                            "arg_type": 100000, 
                                                                                                            "args_list": [
                                                                                                                [
                                                                                                                    "FLOAT", 
                                                                                                                    "rate", 
                                                                                                                    "local"
                                                                                                                ], 
                                                                                                                null
                                                                                                            ], 
                                                                                                            "sub_type": 2
                                                                                                        }, 
                                                                                                        {
                                                                                                            "arg_type": 100015, 
                                                                                                            "args_list": [
                                                                                                                ">="
                                                                                                            ], 
                                                                                                            "sub_type": 1
                                                                                                        }, 
                                                                                                        {
                                                                                                            "arg_type": 100000, 
                                                                                                            "args_list": [
                                                                                                                2.0
                                                                                                            ], 
                                                                                                            "sub_type": 1
                                                                                                        }
                                                                                                    ], 
                                                                                                    "condition_type": "FLOAT_COMPARE", 
                                                                                                    "element_id": 14760263700011, 
                                                                                                    "enable": true
                                                                                                }
                                                                                            ], 
                                                                                            "sub_type": 1
                                                                                        }, 
                                                                                        {
                                                                                            "arg_type": 100022, 
                                                                                            "args_list": [
                                                                                                {
                                                                                                    "action_type": "ADD_MODIFIER", 
                                                                                                    "args_list": [
                                                                                                        {
                                                                                                            "arg_type": 100006, 
                                                                                                            "args_list": [], 
                                                                                                            "sub_type": "FOR_EACH_SELECTED_UNIT"
                                                                                                        }, 
                                                                                                        {
                                                                                                            "arg_type": 100046, 
                                                                                                            "args_list": [
                                                                                                                1001
                                                                                                            ], 
                                                                                                            "sub_type": 1
                                                                                                        }
                                                                                                    ], 
                                                                                                    "bp": false, 
                                                                                                    "element_id": 14760263700012, 
                                                                                                    "enable": true, 
                                                                                                    "op_arg": [
                                                                                                        {
                                                                                                            "arg_type": 100006, 
                                                                                                            "args_list": [], 
                                                                                                            "sub_type": "ABILITY_OWNER"
                                                                                                        }, 
                                                                                                        {
                                                                                                            "arg_type": 100014, 
                                                                                                            "args_list": [], 
                                                                                                            "sub_type": "CUR_ABILITY"
                                                                                                        }, 
                                                                                                        {
                                                                                                            "arg_type": 100000, 
                                                                                                            "args_list": [
                                                                                                                0.6
                                                                                                            ], 
                                                                                                            "sub_type": 1
                                                                                                        }, 
                                                                                                        null, 
                                                                                                        null
                                                                                                    ], 
                                                                                                    "op_arg_enable": [
                                                                                                        true, 
                                                                                                        true, 
                                                                                                        true, 
                                                                                                        false, 
                                                                                                        false
                                                                                                    ]
                                                                                                }
                                                                                            ], 
                                                                                            "sub_type": 1
                                                                                        }, 
                                                                                        {
                                                                                            "arg_type": 100022, 
                                                                                            "args_list": [
                                                                                                {
                                                                                                    "action_type": "ADD_MODIFIER", 
                                                                                                    "args_list": [
                                                                                                        {
                                                                                                            "arg_type": 100006, 
                                                                                                            "args_list": [], 
                                                                                                            "sub_type": "FOR_EACH_SELECTED_UNIT"
                                                                                                        }, 
                                                                                                        {
                                                                                                            "arg_type": 100046, 
                                                                                                            "args_list": [
                                                                                                                1001
                                                                                                            ], 
                                                                                                            "sub_type": 1
                                                                                                        }
                                                                                                    ], 
                                                                                                    "bp": false, 
                                                                                                    "element_id": 14760263700063, 
                                                                                                    "enable": true, 
                                                                                                    "op_arg": [
                                                                                                        {
                                                                                                            "arg_type": 100006, 
                                                                                                            "args_list": [], 
                                                                                                            "sub_type": "ABILITY_OWNER"
                                                                                                        }, 
                                                                                                        {
                                                                                                            "arg_type": 100014, 
                                                                                                            "args_list": [], 
                                                                                                            "sub_type": "CUR_ABILITY"
                                                                                                        }, 
                                                                                                        {
                                                                                                            "arg_type": 100000, 
                                                                                                            "args_list": [
                                                                                                                0.3
                                                                                                            ], 
                                                                                                            "sub_type": 1
                                                                                                        }, 
                                                                                                        null, 
                                                                                                        null
                                                                                                    ], 
                                                                                                    "op_arg_enable": [
                                                                                                        true, 
                                                                                                        true, 
                                                                                                        true, 
                                                                                                        false, 
                                                                                                        false
                                                                                                    ]
                                                                                                }
                                                                                            ], 
                                                                                            "sub_type": 1
                                                                                        }
                                                                                    ], 
                                                                                    "bp": false, 
                                                                                    "element_id": 14760263700014, 
                                                                                    "enable": true, 
                                                                                    "fake_op": [
                                                                                        2
                                                                                    ]
                                                                                }
                                                                            ], 
                                                                            "sub_type": 1
                                                                        }, 
                                                                        {
                                                                            "arg_type": 100022, 
                                                                            "args_list": [], 
                                                                            "sub_type": 1
                                                                        }
                                                                    ], 
                                                                    "bp": false, 
                                                                    "element_id": 14760263700015, 
                                                                    "enable": true, 
                                                                    "fake_op": []
                                                                }
                                                            ], 
                                                            "sub_type": 1
                                                        }, 
                                                        {
                                                            "arg_type": 100022, 
                                                            "args_list": [], 
                                                            "sub_type": 1
                                                        }
                                                    ], 
                                                    "bp": false, 
                                                    "element_id": 14760263700016, 
                                                    "enable": true, 
                                                    "fake_op": []
                                                }
                                            ], 
                                            "sub_type": 1
                                        }
                                    ], 
                                    "bp": false, 
                                    "element_id": 14760263700017, 
                                    "enable": true
                                }, 
                                {
                                    "action_type": "IF_THEN_ELSE", 
                                    "args_list": [
                                        {
                                            "arg_type": 100021, 
                                            "args_list": [
                                                {
                                                    "args_list": [
                                                        {
                                                            "arg_type": 100001, 
                                                            "args_list": [
                                                                [
                                                                    "BOOLEAN", 
                                                                    "dmg", 
                                                                    "local"
                                                                ], 
                                                                null
                                                            ], 
                                                            "sub_type": "VARIABLE"
                                                        }, 
                                                        {
                                                            "arg_type": 100035, 
                                                            "args_list": [
                                                                "=="
                                                            ], 
                                                            "sub_type": 1
                                                        }, 
                                                        {
                                                            "arg_type": 100001, 
                                                            "args_list": [
                                                                true
                                                            ], 
                                                            "sub_type": 1
                                                        }
                                                    ], 
                                                    "condition_type": "BOOL_COMPARE", 
                                                    "element_id": 14760263700018, 
                                                    "enable": true
                                                }
                                            ], 
                                            "sub_type": 1
                                        }, 
                                        {
                                            "arg_type": 100022, 
                                            "args_list": [
                                                {
                                                    "action_type": "IF_THEN_ELSE", 
                                                    "args_list": [
                                                        {
                                                            "arg_type": 100021, 
                                                            "args_list": [
                                                                {
                                                                    "args_list": [
                                                                        {
                                                                            "arg_type": 100021, 
                                                                            "args_list": [
                                                                                {
                                                                                    "args_list": [
                                                                                        {
                                                                                            "arg_type": 100006, 
                                                                                            "args_list": [], 
                                                                                            "sub_type": "ABILITY_OWNER"
                                                                                        }, 
                                                                                        {
                                                                                            "arg_type": 100046, 
                                                                                            "args_list": [
                                                                                                201380265
                                                                                            ], 
                                                                                            "sub_type": 1
                                                                                        }
                                                                                    ], 
                                                                                    "condition_type": "UNIT_HAS_MODIFIER", 
                                                                                    "element_id": 14760263700019, 
                                                                                    "enable": true
                                                                                }, 
                                                                                {
                                                                                    "args_list": [
                                                                                        {
                                                                                            "arg_type": 100006, 
                                                                                            "args_list": [], 
                                                                                            "sub_type": "ABILITY_OWNER"
                                                                                        }, 
                                                                                        {
                                                                                            "arg_type": 100046, 
                                                                                            "args_list": [
                                                                                                201365126
                                                                                            ], 
                                                                                            "sub_type": 1
                                                                                        }
                                                                                    ], 
                                                                                    "condition_type": "UNIT_HAS_MODIFIER", 
                                                                                    "element_id": 14760263700020, 
                                                                                    "enable": true
                                                                                }
                                                                            ], 
                                                                            "sub_type": 1
                                                                        }
                                                                    ], 
                                                                    "condition_type": "OR", 
                                                                    "element_id": 14760263700021, 
                                                                    "enable": true
                                                                }
                                                            ], 
                                                            "sub_type": 1
                                                        }, 
                                                        {
                                                            "arg_type": 100022, 
                                                            "args_list": [
                                                                {
                                                                    "action_type": "ADD_ABILITY_CD", 
                                                                    "args_list": [
                                                                        {
                                                                            "arg_type": 100014, 
                                                                            "args_list": [], 
                                                                            "sub_type": "CUR_ABILITY"
                                                                        }, 
                                                                        {
                                                                            "arg_type": 100000, 
                                                                            "args_list": [
                                                                                -3.0
                                                                            ], 
                                                                            "sub_type": 1
                                                                        }
                                                                    ], 
                                                                    "bp": false, 
                                                                    "element_id": 14760263700022, 
                                                                    "enable": true
                                                                }
                                                            ], 
                                                            "sub_type": 1
                                                        }, 
                                                        {
                                                            "arg_type": 100022, 
                                                            "args_list": [], 
                                                            "sub_type": 1
                                                        }
                                                    ], 
                                                    "bp": false, 
                                                    "element_id": 14760263700023, 
                                                    "enable": true, 
                                                    "fake_op": []
                                                }
                                            ], 
                                            "sub_type": 1
                                        }, 
                                        {
                                            "arg_type": 100022, 
                                            "args_list": [], 
                                            "sub_type": 1
                                        }
                                    ], 
                                    "bp": false, 
                                    "element_id": 14760263700024, 
                                    "enable": true, 
                                    "fake_op": []
                                }, 
                                {
                                    "action_type": "IF_THEN_ELSE", 
                                    "args_list": [
                                        {
                                            "arg_type": 100021, 
                                            "args_list": [
                                                {
                                                    "args_list": [
                                                        {
                                                            "arg_type": 100006, 
                                                            "args_list": [], 
                                                            "sub_type": "ABILITY_OWNER"
                                                        }, 
                                                        {
                                                            "arg_type": 100003, 
                                                            "args_list": [
                                                                "area"
                                                            ], 
                                                            "sub_type": 1
                                                        }
                                                    ], 
                                                    "condition_type": "HAS_ROUND_AREA_KV", 
                                                    "element_id": 14760263700025, 
                                                    "enable": true
                                                }
                                            ], 
                                            "sub_type": 1
                                        }, 
                                        {
                                            "arg_type": 100022, 
                                            "args_list": [
                                                {
                                                    "action_type": "IF_THEN_ELSE", 
                                                    "args_list": [
                                                        {
                                                            "arg_type": 100021, 
                                                            "args_list": [
                                                                {
                                                                    "args_list": [
                                                                        {
                                                                            "arg_type": 100004, 
                                                                            "args_list": [
                                                                                {
                                                                                    "arg_type": 100014, 
                                                                                    "args_list": [], 
                                                                                    "sub_type": "CUR_ABILITY"
                                                                                }
                                                                            ], 
                                                                            "sub_type": "ABILITY_RELEASE_POSITION"
                                                                        }, 
                                                                        {
                                                                            "arg_type": 100023, 
                                                                            "args_list": [
                                                                                {
                                                                                    "arg_type": 100006, 
                                                                                    "args_list": [], 
                                                                                    "sub_type": "ABILITY_OWNER"
                                                                                }, 
                                                                                {
                                                                                    "arg_type": 100003, 
                                                                                    "args_list": [
                                                                                        "area"
                                                                                    ], 
                                                                                    "sub_type": 1
                                                                                }
                                                                            ], 
                                                                            "sub_type": "GET_ROUND_AREA_KV"
                                                                        }
                                                                    ], 
                                                                    "condition_type": "WHETHER_POINT_IN_AREA", 
                                                                    "element_id": 14760263700026, 
                                                                    "enable": true
                                                                }
                                                            ], 
                                                            "sub_type": 1
                                                        }, 
                                                        {
                                                            "arg_type": 100022, 
                                                            "args_list": [
                                                                {
                                                                    "action_type": "ADD_ABILITY_CD", 
                                                                    "args_list": [
                                                                        {
                                                                            "arg_type": 100014, 
                                                                            "args_list": [], 
                                                                            "sub_type": "CUR_ABILITY"
                                                                        }, 
                                                                        {
                                                                            "arg_type": 100000, 
                                                                            "args_list": [
                                                                                -3.0
                                                                            ], 
                                                                            "sub_type": 1
                                                                        }
                                                                    ], 
                                                                    "bp": false, 
                                                                    "element_id": 14760263700027, 
                                                                    "enable": true
                                                                }
                                                            ], 
                                                            "sub_type": 1
                                                        }, 
                                                        {
                                                            "arg_type": 100022, 
                                                            "args_list": [], 
                                                            "sub_type": 1
                                                        }
                                                    ], 
                                                    "bp": false, 
                                                    "element_id": 14760263700028, 
                                                    "enable": true, 
                                                    "fake_op": []
                                                }
                                            ], 
                                            "sub_type": 1
                                        }, 
                                        {
                                            "arg_type": 100022, 
                                            "args_list": [], 
                                            "sub_type": 1
                                        }
                                    ], 
                                    "bp": false, 
                                    "element_id": 14760263700029, 
                                    "enable": true, 
                                    "fake_op": []
                                }
                            ], 
                            "sub_type": 1
                        }, 
                        {
                            "arg_type": 100022, 
                            "args_list": [], 
                            "sub_type": 1
                        }, 
                        {
                            "arg_type": 100022, 
                            "args_list": [], 
                            "sub_type": 1
                        }, 
                        {
                            "arg_type": 100022, 
                            "args_list": [], 
                            "sub_type": 1
                        }, 
                        {
                            "arg_type": 100022, 
                            "args_list": [], 
                            "sub_type": 1
                        }
                    ], 
                    "bp": false, 
                    "element_id": 14760263700013, 
                    "enable": true, 
                    "fake_op": [], 
                    "local_var": [
                        {}, 
                        {}
                    ], 
                    "op_arg": [
                        null, 
                        null, 
                        null, 
                        null, 
                        {
                            "arg_type": 100000, 
                            "args_list": [
                                300.0
                            ], 
                            "sub_type": 1
                        }, 
                        null, 
                        null, 
                        {
                            "arg_type": 100001, 
                            "args_list": [
                                true
                            ], 
                            "sub_type": 1
                        }, 
                        null, 
                        null, 
                        null, 
                        null, 
                        null, 
                        null, 
                        null, 
                        null
                    ], 
                    "op_arg_enable": [
                        false, 
                        false, 
                        false, 
                        false, 
                        true, 
                        false, 
                        false, 
                        true, 
                        false, 
                        false, 
                        false, 
                        false, 
                        false, 
                        false, 
                        false, 
                        false
                    ]
                }
            ], 
            "call_enabled": true, 
            "condition": [], 
            "enabled": true, 
            "event": [
                {
                    "args_list": [], 
                    "element_id": 14760263700002, 
                    "enable": true, 
                    "event_type": "ABILITY_SP_END"
                }
            ], 
            "group_id": 201350077, 
            "p_trigger_id": null, 
            "trigger_id": 1476026370, 
            "trigger_name": "The_new_trigger_2", 
            "valid": false
        }
    }, 
    "trigger_group_info": [
        {
            "_trigger_group_": true, 
            "group": [
                [
                    607383555, 
                    "The_new_trigger__3"
                ], 
                [
                    855269377, 
                    "The_new_trigger"
                ], 
                [
                    1476026370, 
                    "The_new_trigger_2"
                ]
            ], 
            "key": 201350077, 
            "name": "201350077"
        }
    ], 
    "trigger_version": "1.2", 
    "variable_dict": {
        "MODIFIER_ENTITY": {
            "bf": 0
        }, 
        "SFX_ENTITY": {
            "effect1": 0
        }
    }, 
    "variable_group_info": [
        [
            "effect1", 
            "(effect1)"
        ], 
        [
            "bf", 
            "(bf)"
        ]
    ], 
    "variable_length_dict": {
        "bf": 0, 
        "effect1": 0
    }
}