{
    "local_variable": {}, 
    "trigger_dict": {
        "123617281": {
            "action": [
                {
                    "action_type": "PLAY_ANIMATION", 
                    "args_list": [
                        {
                            "arg_type": 100006, 
                            "args_list": [], 
                            "sub_type": "ABILITY_OWNER"
                        }, 
                        {
                            "arg_type": 100003, 
                            "args_list": [
                                "ability_30001"
                            ], 
                            "sub_type": 1
                        }, 
                        {
                            "arg_type": 100000, 
                            "args_list": [
                                1.0
                            ], 
                            "sub_type": 1
                        }, 
                        {
                            "arg_type": 100000, 
                            "args_list": [
                                0
                            ], 
                            "sub_type": 1
                        }, 
                        {
                            "arg_type": 100000, 
                            "args_list": [
                                -1
                            ], 
                            "sub_type": 1
                        }, 
                        {
                            "arg_type": 100001, 
                            "args_list": [
                                false
                            ], 
                            "sub_type": 1
                        }, 
                        {
                            "arg_type": 100001, 
                            "args_list": [
                                true
                            ], 
                            "sub_type": 1
                        }
                    ], 
                    "bp": false, 
                    "element_id": 8133181450011, 
                    "enable": true
                }
            ], 
            "call_enabled": true, 
            "condition": [], 
            "enabled": true, 
            "event": [
                {
                    "args_list": [], 
                    "element_id": 1236172810003, 
                    "enable": true, 
                    "event_type": "ABILITY_PS_START"
                }
            ], 
            "group_id": 201391697, 
            "p_trigger_id": null, 
            "trigger_id": 123617281, 
            "trigger_name": "Ability precast starts", 
            "valid": true
        }, 
        "1549705218": {
            "action": [
                {
                    "action_type": "ADD_MODIFIER", 
                    "args_list": [
                        {
                            "arg_type": 100006, 
                            "args_list": [], 
                            "sub_type": "ABILITY_OWNER"
                        }, 
                        {
                            "arg_type": 100046, 
                            "args_list": [
                                201354545
                            ], 
                            "sub_type": 1
                        }
                    ], 
                    "bp": false, 
                    "element_id": 6917693460008, 
                    "enable": true, 
                    "op_arg": [
                        {
                            "arg_type": 100006, 
                            "args_list": [], 
                            "sub_type": "ABILITY_OWNER"
                        }, 
                        {
                            "arg_type": 100014, 
                            "args_list": [
                                {
                                    "arg_type": 100006, 
                                    "args_list": [], 
                                    "sub_type": "ABILITY_OWNER"
                                }, 
                                {
                                    "arg_type": 100182, 
                                    "args_list": [
                                        2
                                    ], 
                                    "sub_type": 1
                                }, 
                                {
                                    "arg_type": 100039, 
                                    "args_list": [
                                        201367507
                                    ], 
                                    "sub_type": 1
                                }
                            ], 
                            "sub_type": "GET_ABILITY_BY_AID"
                        }, 
                        {
                            "arg_type": 100000, 
                            "args_list": [
                                {
                                    "arg_type": 100014, 
                                    "args_list": [
                                        {
                                            "arg_type": 100006, 
                                            "args_list": [], 
                                            "sub_type": "ABILITY_OWNER"
                                        }, 
                                        {
                                            "arg_type": 100182, 
                                            "args_list": [
                                                2
                                            ], 
                                            "sub_type": 1
                                        }, 
                                        {
                                            "arg_type": 100039, 
                                            "args_list": [
                                                201367507
                                            ], 
                                            "sub_type": 1
                                        }
                                    ], 
                                    "sub_type": "GET_ABILITY_BY_AID"
                                }, 
                                {
                                    "arg_type": 100003, 
                                    "args_list": [
                                        "attack up time"
                                    ], 
                                    "sub_type": 1
                                }
                            ], 
                            "sub_type": "GET_FLOAT_KV"
                        }, 
                        null, 
                        null
                    ], 
                    "op_arg_enable": [
                        true, 
                        true, 
                        true, 
                        false, 
                        false
                    ]
                }, 
                {
                    "action_type": "ADD_MODIFIER", 
                    "args_list": [
                        {
                            "arg_type": 100006, 
                            "args_list": [], 
                            "sub_type": "ABILITY_OWNER"
                        }, 
                        {
                            "arg_type": 100046, 
                            "args_list": [
                                201342942
                            ], 
                            "sub_type": 1
                        }
                    ], 
                    "bp": false, 
                    "element_id": 15497052180006, 
                    "enable": true, 
                    "op_arg": [
                        {
                            "arg_type": 100006, 
                            "args_list": [], 
                            "sub_type": "ABILITY_OWNER"
                        }, 
                        {
                            "arg_type": 100014, 
                            "args_list": [], 
                            "sub_type": "CUR_ABILITY"
                        }, 
                        {
                            "arg_type": 100000, 
                            "args_list": [
                                {
                                    "arg_type": 100014, 
                                    "args_list": [], 
                                    "sub_type": "CUR_ABILITY"
                                }, 
                                {
                                    "arg_type": 100003, 
                                    "args_list": [
                                        "time"
                                    ], 
                                    "sub_type": 1
                                }
                            ], 
                            "sub_type": "GET_FLOAT_KV"
                        }, 
                        null, 
                        null
                    ], 
                    "op_arg_enable": [
                        true, 
                        true, 
                        true, 
                        false, 
                        false
                    ]
                }
            ], 
            "call_enabled": true, 
            "condition": [], 
            "enabled": true, 
            "event": [
                {
                    "args_list": [], 
                    "element_id": 15497052180002, 
                    "enable": true, 
                    "event_type": "ABILITY_PS_END"
                }
            ], 
            "group_id": 201391697, 
            "p_trigger_id": null, 
            "trigger_id": 1549705218, 
            "trigger_name": "Ability precast ends", 
            "valid": false
        }
    }, 
    "trigger_group_info": [
        {
            "_trigger_group_": true, 
            "group": [
                [
                    123617281, 
                    "Ability precast starts"
                ], 
                [
                    1549705218, 
                    "Ability precast ends"
                ]
            ], 
            "key": 201391697, 
            "name": "201391697"
        }
    ], 
    "trigger_version": "1.2", 
    "variable_dict": {
        "BOOLEAN": {}, 
        "PROJECTILE_ENTITY": {
            "\u6280\u80fd\u7279\u6548": 0
        }, 
        "UNIT_ENTITY": {
            "\u6280\u80fd\u62e5\u6709\u80051335": 0
        }
    }, 
    "variable_group_info": [
        [
            "\u6280\u80fd\u62e5\u6709\u80051335", 
            "(\u6280\u80fd\u62e5\u6709\u80051335)"
        ], 
        [
            "\u6280\u80fd\u7279\u6548", 
            "(\u6280\u80fd\u7279\u6548)"
        ]
    ], 
    "variable_length_dict": {
        "\u6280\u80fd\u62e5\u6709\u80051335": 0, 
        "\u6280\u80fd\u7279\u6548": 0
    }, 
    "variable_type_dict": {
        "\u6280\u80fd\u62e5\u6709\u80051335": false, 
        "\u6280\u80fd\u7279\u6548": false
    }
}