{
    "local_variable": {}, 
    "trigger_dict": {
        "686837762": {
            "action": [], 
            "call_enabled": true, 
            "condition": [], 
            "enabled": true, 
            "event": [
                {
                    "args_list": [], 
                    "element_id": 686837762000001, 
                    "enable": true, 
                    "event_type": "ABILITY_PS_START"
                }
            ], 
            "group_id": 201338318, 
            "p_trigger_id": null, 
            "trigger_id": 686837762, 
            "trigger_name": "Prepare", 
            "valid": true
        }, 
        "703598593": {
            "action": [
                {
                    "action_type": "ADD_MODIFIER", 
                    "args_list": [
                        {
                            "arg_type": 100006, 
                            "args_list": [], 
                            "sub_type": "ABILITY_OWNER"
                        }, 
                        {
                            "arg_type": 100046, 
                            "args_list": [
                                201347369
                            ], 
                            "sub_type": 1
                        }
                    ], 
                    "bp": false, 
                    "element_id": 703598593000023, 
                    "enable": true, 
                    "op_arg": [
                        {
                            "arg_type": 100006, 
                            "args_list": [], 
                            "sub_type": "ABILITY_OWNER"
                        }, 
                        {
                            "arg_type": 100014, 
                            "args_list": [], 
                            "sub_type": "GET_ABILITY_FROM_EVENT"
                        }, 
                        {
                            "arg_type": 100000, 
                            "args_list": [
                                {
                                    "arg_type": 100014, 
                                    "args_list": [], 
                                    "sub_type": "GET_ABILITY_FROM_EVENT"
                                }, 
                                {
                                    "arg_type": 100003, 
                                    "args_list": [
                                        "time"
                                    ], 
                                    "sub_type": 1
                                }
                            ], 
                            "sub_type": "GET_ABILITY_FORMULA_KV"
                        }, 
                        null, 
                        null
                    ], 
                    "op_arg_enable": [
                        true, 
                        true, 
                        true, 
                        false, 
                        false
                    ]
                }
            ], 
            "call_enabled": true, 
            "condition": [], 
            "enabled": true, 
            "event": [
                {
                    "args_list": [], 
                    "element_id": 703598593000001, 
                    "enable": true, 
                    "event_type": "ABILITY_PS_END"
                }
            ], 
            "group_id": 201338318, 
            "p_trigger_id": null, 
            "trigger_id": 703598593, 
            "trigger_name": "Trigger", 
            "valid": false
        }
    }, 
    "trigger_group_info": [
        {
            "_trigger_group_": true, 
            "group": [
                [
                    686837762, 
                    "Prepare"
                ], 
                [
                    703598593, 
                    "Trigger"
                ]
            ], 
            "key": 201338318, 
            "name": "201338318"
        }
    ], 
    "trigger_version": "1.2", 
    "variable_dict": {
        "SFX_ENTITY": {
            "\u7279\u65481": 0
        }
    }, 
    "variable_group_info": [
        [
            "\u7279\u65481", 
            "\u7279\u65481"
        ]
    ], 
    "variable_length_dict": {
        "\u7279\u65481": 0
    }, 
    "variable_type_dict": {
        "\u7279\u65481": false
    }
}