{
    "local_variable": {}, 
    "trigger_dict": {
        "132313093": {
            "action": [
                {
                    "action_type": "IF_THEN_ELSE", 
                    "args_list": [
                        {
                            "arg_type": 100021, 
                            "args_list": [
                                {
                                    "args_list": [
                                        {
                                            "arg_type": 100006, 
                                            "args_list": [
                                                [
                                                    "UNIT_ENTITY", 
                                                    "U", 
                                                    "actor"
                                                ], 
                                                null
                                            ], 
                                            "sub_type": 11
                                        }
                                    ], 
                                    "condition_type": "IS_UNIT_ALIVE", 
                                    "element_id": 132313093000002, 
                                    "enable": true
                                }
                            ], 
                            "sub_type": 1
                        }, 
                        {
                            "arg_type": 100022, 
                            "args_list": [
                                {
                                    "action_type": "ADD_MODIFIER", 
                                    "args_list": [
                                        {
                                            "arg_type": 100006, 
                                            "args_list": [
                                                [
                                                    "UNIT_ENTITY", 
                                                    "U", 
                                                    "actor"
                                                ], 
                                                null
                                            ], 
                                            "sub_type": 11
                                        }, 
                                        {
                                            "arg_type": 100046, 
                                            "args_list": [
                                                134255911
                                            ], 
                                            "sub_type": 1
                                        }
                                    ], 
                                    "bp": false, 
                                    "element_id": 132313093000003, 
                                    "enable": true, 
                                    "op_arg": [
                                        null, 
                                        {
                                            "arg_type": 100014, 
                                            "args_list": [
                                                {
                                                    "arg_type": 100031, 
                                                    "args_list": [], 
                                                    "sub_type": "CUR_ITEM"
                                                }
                                            ], 
                                            "sub_type": "GET_ITEM_POSITIVE_ABILITY"
                                        }, 
                                        null, 
                                        null, 
                                        null
                                    ], 
                                    "op_arg_enable": [
                                        false, 
                                        true, 
                                        false, 
                                        false, 
                                        false
                                    ]
                                }
                            ], 
                            "sub_type": 1
                        }, 
                        {
                            "arg_type": 100022, 
                            "args_list": [
                                434302982
                            ], 
                            "sub_type": 1
                        }
                    ], 
                    "bp": false, 
                    "element_id": 132313093000004, 
                    "enable": true, 
                    "fake_op": [
                        2
                    ]
                }
            ], 
            "call_enabled": true, 
            "condition": [], 
            "enabled": false, 
            "event": [
                {
                    "args_list": [
                        {
                            "arg_type": 100014, 
                            "args_list": [
                                {
                                    "arg_type": 100031, 
                                    "args_list": [], 
                                    "sub_type": "CUR_ITEM"
                                }
                            ], 
                            "sub_type": "GET_ITEM_POSITIVE_ABILITY"
                        }, 
                        {
                            "arg_type": 100128, 
                            "args_list": [
                                "ET_ABILITY_CD_END"
                            ], 
                            "sub_type": 1
                        }
                    ], 
                    "element_id": 132313093000001, 
                    "enable": true, 
                    "event_type": "SPECIAL_ABILITY_EVENT"
                }
            ], 
            "group_id": 0, 
            "is_conf": true, 
            "p_trigger_id": 1376194561, 
            "sub_trigger_owner_set_var_action": {
                "action_type": "SET_VARIABLE", 
                "args_list": [
                    {
                        "arg_type": 100178, 
                        "args_list": [
                            [
                                "DYNAMIC_TRIGGER_INSTANCE", 
                                "Tr_shield", 
                                "actor"
                            ]
                        ], 
                        "sub_type": "VARIABLE"
                    }, 
                    {
                        "arg_type": 100178, 
                        "args_list": [
                            {
                                "arg_type": 1000673, 
                                "args_list": [
                                    132313093
                                ], 
                                "sub_type": 1
                            }
                        ], 
                        "sub_type": "REG_ITEM_TRIGGER"
                    }
                ], 
                "bp": false, 
                "element_id": 368451593874136, 
                "enable": true
            }, 
            "trigger_id": 132313093, 
            "trigger_name": "\u5b50\u89e6\u53d1\u5668_3", 
            "valid": true
        }, 
        "434302982": {
            "action": [
                {
                    "action_type": "ADD_MODIFIER", 
                    "args_list": [
                        {
                            "arg_type": 100006, 
                            "args_list": [
                                [
                                    "UNIT_ENTITY", 
                                    "U", 
                                    "actor"
                                ], 
                                null
                            ], 
                            "sub_type": 11
                        }, 
                        {
                            "arg_type": 100046, 
                            "args_list": [
                                134255911
                            ], 
                            "sub_type": 1
                        }
                    ], 
                    "bp": false, 
                    "element_id": 434302982000002, 
                    "enable": true, 
                    "op_arg": [
                        null, 
                        {
                            "arg_type": 100014, 
                            "args_list": [
                                {
                                    "arg_type": 100031, 
                                    "args_list": [], 
                                    "sub_type": "CUR_ITEM"
                                }
                            ], 
                            "sub_type": "GET_ITEM_POSITIVE_ABILITY"
                        }, 
                        null, 
                        null, 
                        null
                    ], 
                    "op_arg_enable": [
                        false, 
                        true, 
                        false, 
                        false, 
                        false
                    ]
                }, 
                {
                    "action_type": "UNREG_TRIGGER", 
                    "args_list": [
                        {
                            "arg_type": 100178, 
                            "args_list": [], 
                            "sub_type": "CURRENT_DYNAMIC_TRIGGER_INSTANCE"
                        }
                    ], 
                    "bp": false, 
                    "element_id": 434302982000003, 
                    "enable": true
                }
            ], 
            "call_enabled": true, 
            "condition": [], 
            "enabled": false, 
            "event": [
                {
                    "args_list": [
                        {
                            "arg_type": 100006, 
                            "args_list": [
                                [
                                    "UNIT_ENTITY", 
                                    "U", 
                                    "actor"
                                ]
                            ], 
                            "sub_type": 11
                        }, 
                        {
                            "arg_type": 100007, 
                            "args_list": [
                                "ET_REVIVE_UNIT"
                            ], 
                            "sub_type": 1
                        }
                    ], 
                    "element_id": 434302982000001, 
                    "enable": true, 
                    "event_type": "SPECIAL_UNIT_EVENT"
                }
            ], 
            "group_id": 0, 
            "is_conf": true, 
            "p_trigger_id": 132313093, 
            "trigger_id": 434302982, 
            "trigger_name": "\u5b50\u89e6\u53d1\u5668_8", 
            "valid": true
        }, 
        "501354502": {
            "action": [
                {
                    "action_type": "UNREG_TRIGGER", 
                    "args_list": [
                        {
                            "arg_type": 100178, 
                            "args_list": [
                                [
                                    "DYNAMIC_TRIGGER_INSTANCE", 
                                    "Tr_shield", 
                                    "actor"
                                ], 
                                null
                            ], 
                            "sub_type": "VARIABLE"
                        }
                    ], 
                    "bp": false, 
                    "element_id": 5013545020006, 
                    "enable": true
                }, 
                {
                    "action_type": "UNREG_TRIGGER", 
                    "args_list": [
                        {
                            "arg_type": 100178, 
                            "args_list": [
                                [
                                    "DYNAMIC_TRIGGER_INSTANCE", 
                                    "Tr_shield_2", 
                                    "actor"
                                ], 
                                null
                            ], 
                            "sub_type": "VARIABLE"
                        }
                    ], 
                    "bp": false, 
                    "element_id": 5013545020008, 
                    "enable": true
                }, 
                {
                    "action_type": "UNREG_TRIGGER", 
                    "args_list": [
                        {
                            "arg_type": 100178, 
                            "args_list": [
                                [
                                    "DYNAMIC_TRIGGER_INSTANCE", 
                                    "Tr_shield_3", 
                                    "actor"
                                ]
                            ], 
                            "sub_type": "VARIABLE"
                        }
                    ], 
                    "bp": false, 
                    "element_id": 501354502020017, 
                    "enable": true
                }, 
                {
                    "action_type": "DELETE_TIMER", 
                    "args_list": [
                        {
                            "arg_type": 100181, 
                            "args_list": [
                                [
                                    "NEW_TIMER", 
                                    "Timer_shield", 
                                    "actor"
                                ]
                            ], 
                            "sub_type": "VARIABLE"
                        }
                    ], 
                    "bp": false, 
                    "element_id": 501354502020015, 
                    "enable": true
                }, 
                {
                    "action_type": "REMOVE_BUFF_INS", 
                    "args_list": [
                        {
                            "arg_type": 100076, 
                            "args_list": [
                                {
                                    "arg_type": 100006, 
                                    "args_list": [
                                        [
                                            "UNIT_ENTITY", 
                                            "U", 
                                            "actor"
                                        ]
                                    ], 
                                    "sub_type": 11
                                }, 
                                {
                                    "arg_type": 100046, 
                                    "args_list": [
                                        134255911
                                    ], 
                                    "sub_type": 1
                                }
                            ], 
                            "sub_type": "GET_LAST_MODIFIER_INSTANCE"
                        }
                    ], 
                    "bp": false, 
                    "element_id": 501354502020012, 
                    "enable": true
                }
            ], 
            "call_enabled": true, 
            "condition": [], 
            "enabled": true, 
            "event": [
                {
                    "args_list": [], 
                    "element_id": 5013545020002, 
                    "enable": true, 
                    "event_type": "ITEM_REMOVE_EVENT"
                }
            ], 
            "group_id": 134255180, 
            "p_trigger_id": null, 
            "trigger_id": 501354502, 
            "trigger_name": "\u65b0\u5efa\u89e6\u53d1\u5668_2", 
            "valid": true
        }, 
        "1172533254": {
            "action": [
                {
                    "action_type": "IF_THEN_ELSE", 
                    "args_list": [
                        {
                            "arg_type": 100021, 
                            "args_list": [
                                {
                                    "args_list": [
                                        {
                                            "arg_type": 100000, 
                                            "args_list": [
                                                {
                                                    "arg_type": 100014, 
                                                    "args_list": [
                                                        {
                                                            "arg_type": 100031, 
                                                            "args_list": [], 
                                                            "sub_type": "CUR_ITEM"
                                                        }
                                                    ], 
                                                    "sub_type": "GET_ITEM_POSITIVE_ABILITY"
                                                }
                                            ], 
                                            "sub_type": "ABILITY_CD_LEFT_TIME"
                                        }, 
                                        {
                                            "arg_type": 100015, 
                                            "args_list": [
                                                "<="
                                            ], 
                                            "sub_type": 1
                                        }, 
                                        {
                                            "arg_type": 100000, 
                                            "args_list": [
                                                0.0
                                            ], 
                                            "sub_type": 1
                                        }
                                    ], 
                                    "condition_type": "FLOAT_COMPARE", 
                                    "element_id": 1172533254000002, 
                                    "enable": true
                                }
                            ], 
                            "sub_type": 1
                        }, 
                        {
                            "arg_type": 100022, 
                            "args_list": [
                                {
                                    "action_type": "ADD_MODIFIER", 
                                    "args_list": [
                                        {
                                            "arg_type": 100006, 
                                            "args_list": [
                                                [
                                                    "UNIT_ENTITY", 
                                                    "U", 
                                                    "actor"
                                                ], 
                                                null
                                            ], 
                                            "sub_type": 11
                                        }, 
                                        {
                                            "arg_type": 100046, 
                                            "args_list": [
                                                134255911
                                            ], 
                                            "sub_type": 1
                                        }
                                    ], 
                                    "bp": false, 
                                    "element_id": 1172533254000003, 
                                    "enable": true, 
                                    "op_arg": [
                                        null, 
                                        {
                                            "arg_type": 100014, 
                                            "args_list": [
                                                {
                                                    "arg_type": 100031, 
                                                    "args_list": [], 
                                                    "sub_type": "CUR_ITEM"
                                                }
                                            ], 
                                            "sub_type": "GET_ITEM_POSITIVE_ABILITY"
                                        }, 
                                        null, 
                                        null, 
                                        null
                                    ], 
                                    "op_arg_enable": [
                                        false, 
                                        true, 
                                        false, 
                                        false, 
                                        false
                                    ]
                                }
                            ], 
                            "sub_type": 1
                        }, 
                        {
                            "arg_type": 100022, 
                            "args_list": [], 
                            "sub_type": 1
                        }
                    ], 
                    "bp": false, 
                    "element_id": 1172533254000004, 
                    "enable": true, 
                    "fake_op": []
                }
            ], 
            "call_enabled": true, 
            "condition": [], 
            "enabled": false, 
            "event": [
                {
                    "args_list": [
                        {
                            "arg_type": 100006, 
                            "args_list": [
                                [
                                    "UNIT_ENTITY", 
                                    "U", 
                                    "actor"
                                ]
                            ], 
                            "sub_type": 11
                        }, 
                        {
                            "arg_type": 100007, 
                            "args_list": [
                                "ET_REVIVE_UNIT"
                            ], 
                            "sub_type": 1
                        }
                    ], 
                    "element_id": 1172533254000001, 
                    "enable": true, 
                    "event_type": "SPECIAL_UNIT_EVENT"
                }
            ], 
            "group_id": 0, 
            "is_conf": true, 
            "p_trigger_id": 1376194561, 
            "sub_trigger_owner_set_var_action": {
                "action_type": "SET_VARIABLE", 
                "args_list": [
                    {
                        "arg_type": 100178, 
                        "args_list": [
                            [
                                "DYNAMIC_TRIGGER_INSTANCE", 
                                "Tr_shield_3", 
                                "actor"
                            ]
                        ], 
                        "sub_type": "VARIABLE"
                    }, 
                    {
                        "arg_type": 100178, 
                        "args_list": [
                            {
                                "arg_type": 1000673, 
                                "args_list": [
                                    1172533254
                                ], 
                                "sub_type": 1
                            }
                        ], 
                        "sub_type": "REG_ITEM_TRIGGER"
                    }
                ], 
                "bp": false, 
                "element_id": 368451593874136, 
                "enable": true
            }, 
            "trigger_id": 1172533254, 
            "trigger_name": "\u5b50\u89e6\u53d1\u5668_10", 
            "valid": true
        }, 
        "1376194561": {
            "action": [
                {
                    "action_type": "SET_VARIABLE", 
                    "args_list": [
                        {
                            "arg_type": 100030, 
                            "args_list": [
                                [
                                    "UNIT_ENTITY", 
                                    "U", 
                                    "actor"
                                ]
                            ], 
                            "sub_type": 1
                        }, 
                        {
                            "arg_type": 100006, 
                            "args_list": [], 
                            "sub_type": "LAST_ADD_ITEM_UNIT"
                        }
                    ], 
                    "bp": false, 
                    "element_id": 789045249910088, 
                    "enable": true
                }, 
                {
                    "action_type": "SET_VARIABLE", 
                    "args_list": [
                        {
                            "arg_type": 100030, 
                            "args_list": [
                                [
                                    "ITEM_ENTITY", 
                                    "T", 
                                    "actor"
                                ]
                            ], 
                            "sub_type": 1
                        }, 
                        {
                            "arg_type": 100031, 
                            "args_list": [], 
                            "sub_type": "CUR_ITEM"
                        }
                    ], 
                    "bp": false, 
                    "element_id": 1376194561970122, 
                    "enable": true
                }, 
                {
                    "action_type": "IF_THEN_ELSE", 
                    "args_list": [
                        {
                            "arg_type": 100021, 
                            "args_list": [
                                {
                                    "args_list": [
                                        {
                                            "arg_type": 100000, 
                                            "args_list": [
                                                {
                                                    "arg_type": 100014, 
                                                    "args_list": [
                                                        {
                                                            "arg_type": 100031, 
                                                            "args_list": [], 
                                                            "sub_type": "CUR_ITEM"
                                                        }
                                                    ], 
                                                    "sub_type": "GET_ITEM_POSITIVE_ABILITY"
                                                }
                                            ], 
                                            "sub_type": "ABILITY_CD_LEFT_TIME"
                                        }, 
                                        {
                                            "arg_type": 100015, 
                                            "args_list": [
                                                "<="
                                            ], 
                                            "sub_type": 1
                                        }, 
                                        {
                                            "arg_type": 100000, 
                                            "args_list": [
                                                0.0
                                            ], 
                                            "sub_type": 1
                                        }
                                    ], 
                                    "condition_type": "FLOAT_COMPARE", 
                                    "element_id": 1376194561970028, 
                                    "enable": true
                                }
                            ], 
                            "sub_type": 1
                        }, 
                        {
                            "arg_type": 100022, 
                            "args_list": [
                                {
                                    "action_type": "ADD_MODIFIER", 
                                    "args_list": [
                                        {
                                            "arg_type": 100006, 
                                            "args_list": [
                                                [
                                                    "UNIT_ENTITY", 
                                                    "U", 
                                                    "actor"
                                                ], 
                                                null
                                            ], 
                                            "sub_type": 11
                                        }, 
                                        {
                                            "arg_type": 100046, 
                                            "args_list": [
                                                134255911
                                            ], 
                                            "sub_type": 1
                                        }
                                    ], 
                                    "bp": false, 
                                    "element_id": 484749323000002, 
                                    "enable": true, 
                                    "op_arg": [
                                        null, 
                                        {
                                            "arg_type": 100014, 
                                            "args_list": [
                                                {
                                                    "arg_type": 100031, 
                                                    "args_list": [], 
                                                    "sub_type": "CUR_ITEM"
                                                }
                                            ], 
                                            "sub_type": "GET_ITEM_POSITIVE_ABILITY"
                                        }, 
                                        null, 
                                        null, 
                                        null
                                    ], 
                                    "op_arg_enable": [
                                        false, 
                                        true, 
                                        false, 
                                        false, 
                                        false
                                    ]
                                }
                            ], 
                            "sub_type": 1
                        }, 
                        {
                            "arg_type": 100022, 
                            "args_list": [], 
                            "sub_type": 1
                        }
                    ], 
                    "bp": false, 
                    "element_id": 1376194561970018, 
                    "enable": true, 
                    "fake_op": []
                }, 
                132313093, 
                1172533254, 
                {
                    "action_type": "RUN_ONCE_TIMER", 
                    "args_list": [
                        {
                            "arg_type": 100181, 
                            "args_list": [
                                [
                                    "NEW_TIMER", 
                                    "Timer_shield", 
                                    "actor"
                                ]
                            ], 
                            "sub_type": "VARIABLE"
                        }, 
                        {
                            "arg_type": 100000, 
                            "args_list": [
                                5.0
                            ], 
                            "sub_type": 1
                        }, 
                        {
                            "arg_type": 100022, 
                            "args_list": [
                                {
                                    "action_type": "IF_THEN_ELSE", 
                                    "args_list": [
                                        {
                                            "arg_type": 100021, 
                                            "args_list": [
                                                {
                                                    "args_list": [
                                                        {
                                                            "arg_type": 100000, 
                                                            "args_list": [
                                                                {
                                                                    "arg_type": 100031, 
                                                                    "args_list": [
                                                                        [
                                                                            "ITEM_ENTITY", 
                                                                            "T", 
                                                                            "actor"
                                                                        ]
                                                                    ], 
                                                                    "sub_type": 4
                                                                }, 
                                                                {
                                                                    "arg_type": 100003, 
                                                                    "args_list": [
                                                                        "\u5f53\u524d\u7b49\u7ea7"
                                                                    ], 
                                                                    "sub_type": 1
                                                                }
                                                            ], 
                                                            "sub_type": "GET_FLOAT_KV"
                                                        }, 
                                                        {
                                                            "arg_type": 100015, 
                                                            "args_list": [
                                                                ">="
                                                            ], 
                                                            "sub_type": 1
                                                        }, 
                                                        {
                                                            "arg_type": 100000, 
                                                            "args_list": [
                                                                4.0
                                                            ], 
                                                            "sub_type": 1
                                                        }
                                                    ], 
                                                    "condition_type": "FLOAT_COMPARE", 
                                                    "element_id": 9468682250015, 
                                                    "enable": true
                                                }
                                            ], 
                                            "sub_type": 1
                                        }, 
                                        {
                                            "arg_type": 100022, 
                                            "args_list": [
                                                2128883718
                                            ], 
                                            "sub_type": 1
                                        }, 
                                        {
                                            "arg_type": 100022, 
                                            "args_list": [], 
                                            "sub_type": 1
                                        }
                                    ], 
                                    "bp": false, 
                                    "element_id": 9468682250013, 
                                    "enable": true, 
                                    "fake_op": []
                                }
                            ], 
                            "sub_type": 1
                        }
                    ], 
                    "bp": false, 
                    "element_id": 1376194561970107, 
                    "enable": true, 
                    "local_var": [
                        {}, 
                        {}
                    ]
                }
            ], 
            "call_enabled": true, 
            "condition": [], 
            "enabled": true, 
            "event": [
                {
                    "args_list": [], 
                    "element_id": 13761945610001, 
                    "enable": true, 
                    "event_type": "ITEM_ADD_EVENT"
                }
            ], 
            "group_id": 134255180, 
            "p_trigger_id": null, 
            "trigger_id": 1376194561, 
            "trigger_name": "\u65b0\u5efa\u89e6\u53d1\u5668", 
            "valid": true
        }, 
        "2128883718": {
            "action": [
                {
                    "action_type": "ADD_MODIFIER", 
                    "args_list": [
                        {
                            "arg_type": 100006, 
                            "args_list": [
                                [
                                    "UNIT_ENTITY", 
                                    "U", 
                                    "actor"
                                ], 
                                null
                            ], 
                            "sub_type": 11
                        }, 
                        {
                            "arg_type": 100046, 
                            "args_list": [
                                134265873
                            ], 
                            "sub_type": 1
                        }
                    ], 
                    "bp": false, 
                    "element_id": 2128883718000004, 
                    "enable": true, 
                    "op_arg": [
                        null, 
                        null, 
                        {
                            "arg_type": 100000, 
                            "args_list": [
                                1.0
                            ], 
                            "sub_type": 1
                        }, 
                        null, 
                        null
                    ], 
                    "op_arg_enable": [
                        false, 
                        false, 
                        true, 
                        false, 
                        false
                    ]
                }
            ], 
            "call_enabled": true, 
            "condition": [
                {
                    "args_list": [
                        {
                            "arg_type": 100006, 
                            "args_list": [], 
                            "sub_type": "MODIFIER_OWNER"
                        }, 
                        {
                            "arg_type": 100035, 
                            "args_list": [
                                "=="
                            ], 
                            "sub_type": 1
                        }, 
                        {
                            "arg_type": 100006, 
                            "args_list": [
                                [
                                    "UNIT_ENTITY", 
                                    "U", 
                                    "actor"
                                ], 
                                null
                            ], 
                            "sub_type": 11
                        }
                    ], 
                    "condition_type": "UNIT_COMPARE", 
                    "element_id": 2128883718000002, 
                    "enable": true
                }, 
                {
                    "args_list": [
                        {
                            "arg_type": 100046, 
                            "args_list": [
                                134255911
                            ], 
                            "sub_type": 1
                        }, 
                        {
                            "arg_type": 100035, 
                            "args_list": [
                                "=="
                            ], 
                            "sub_type": 1
                        }, 
                        {
                            "arg_type": 100046, 
                            "args_list": [
                                {
                                    "arg_type": 100076, 
                                    "args_list": [], 
                                    "sub_type": "GET_MODIFIER_FROM_EVENT"
                                }
                            ], 
                            "sub_type": "GET_MODIFIER_ENTITY_METATYPE"
                        }
                    ], 
                    "condition_type": "MODIFIER_CLASS_COMPARE", 
                    "element_id": 2128883718000003, 
                    "enable": true
                }
            ], 
            "enabled": false, 
            "event": [
                {
                    "args_list": [
                        {
                            "arg_type": 100129, 
                            "args_list": [
                                "ET_LOSS_MODIFIER"
                            ], 
                            "sub_type": 1
                        }
                    ], 
                    "element_id": 2128883718000001, 
                    "enable": true, 
                    "event_type": "GLOBAL_MODIFIER_EVENT"
                }
            ], 
            "group_id": 0, 
            "is_conf": true, 
            "p_trigger_id": 1376194561, 
            "sub_trigger_owner_set_var_action": {
                "action_type": "SET_VARIABLE", 
                "args_list": [
                    {
                        "arg_type": 100178, 
                        "args_list": [
                            [
                                "DYNAMIC_TRIGGER_INSTANCE", 
                                "Tr_shield_2", 
                                "actor"
                            ], 
                            null
                        ], 
                        "sub_type": "VARIABLE"
                    }, 
                    {
                        "arg_type": 100178, 
                        "args_list": [
                            {
                                "arg_type": 1000673, 
                                "args_list": [
                                    2128883718
                                ], 
                                "sub_type": 1
                            }
                        ], 
                        "sub_type": "REG_ITEM_TRIGGER"
                    }
                ], 
                "bp": false, 
                "element_id": 1376194561970016, 
                "enable": true
            }, 
            "trigger_id": 2128883718, 
            "trigger_name": "\u5b50\u89e6\u53d1\u5668_5", 
            "valid": true
        }
    }, 
    "trigger_version": "1.2", 
    "variable_dict": {
        "BOOLEAN": {
            "InEffect?": false, 
            "InShield?": false
        }, 
        "DYNAMIC_TRIGGER_INSTANCE": {
            "Tr_shield": 0, 
            "Tr_shield_2": 0, 
            "Tr_shield_3": 0
        }, 
        "ITEM_ENTITY": {
            "T": 0
        }, 
        "MODIFIER_ENTITY": {
            "halo": 0
        }, 
        "NEW_TIMER": {
            "Timer_shield": -1, 
            "timer_get": -1
        }, 
        "UNIT_ENTITY": {
            "U": 0
        }
    }, 
    "variable_group_info": [
        [
            "Timer_shield", 
            "(Timer_shield)"
        ], 
        [
            "Tr_shield", 
            "(Tr_shield)"
        ], 
        [
            "InShield?", 
            "(InShield?)"
        ], 
        [
            "InEffect?", 
            "(InEffect?)"
        ], 
        [
            "Tr_shield_2", 
            "(Tr_shield_2)"
        ], 
        [
            "halo", 
            "(halo)"
        ], 
        [
            "U", 
            "(U)"
        ], 
        [
            "timer_get", 
            "(timer_get)"
        ], 
        [
            "T", 
            "T"
        ], 
        [
            "Tr_shield_3", 
            "Tr_shield"
        ]
    ], 
    "variable_length_dict": {
        "InEffect?": 0, 
        "InShield?": 0, 
        "T": 0, 
        "Timer_shield": 0, 
        "Tr_shield": 0, 
        "Tr_shield_2": 0, 
        "Tr_shield_3": 0, 
        "U": 0, 
        "halo": 0, 
        "timer_get": 0
    }, 
    "variable_type_dict": {
        "InEffect?": false, 
        "InShield?": false, 
        "T": false, 
        "Timer_shield": false, 
        "Tr_shield": false, 
        "Tr_shield_2": false, 
        "Tr_shield_3": false, 
        "U": false, 
        "halo": false, 
        "timer_get": false
    }
}