{
    "local_variable": {
        "1560875009": {
            "variable_dict": {
                "FLOAT": {
                    "\u661f\u96352\u9636\u51fb\u6740\u591a\u5c11\u6b21": 0.0, 
                    "\u661f\u9635\u56db\u9636\u6cd5\u5f3a": 0.0
                }
            }, 
            "variable_length_dict": {
                "\u661f\u96352\u9636\u51fb\u6740\u591a\u5c11\u6b21": 0, 
                "\u661f\u9635\u56db\u9636\u6cd5\u5f3a": 0
            }, 
            "variable_type_dict": {
                "\u661f\u96352\u9636\u51fb\u6740\u591a\u5c11\u6b21": false, 
                "\u661f\u9635\u56db\u9636\u6cd5\u5f3a": false
            }
        }
    }, 
    "trigger_dict": {
        "487677958": {
            "action": [
                {
                    "action_type": "UNREG_TRIGGER", 
                    "args_list": [
                        {
                            "arg_type": 100178, 
                            "args_list": [
                                [
                                    "DYNAMIC_TRIGGER_INSTANCE", 
                                    "\u661f\u96352\u9636", 
                                    "actor"
                                ], 
                                null
                            ], 
                            "sub_type": "VARIABLE"
                        }
                    ], 
                    "bp": false, 
                    "element_id": 4876779580005, 
                    "enable": true
                }, 
                {
                    "action_type": "UNREG_TRIGGER", 
                    "args_list": [
                        {
                            "arg_type": 100178, 
                            "args_list": [
                                [
                                    "DYNAMIC_TRIGGER_INSTANCE", 
                                    "\u661f\u9635\u56db\u9636", 
                                    "actor"
                                ], 
                                null
                            ], 
                            "sub_type": "VARIABLE"
                        }
                    ], 
                    "bp": false, 
                    "element_id": 4876779580007, 
                    "enable": true
                }, 
                {
                    "action_type": "REMOVE_BUFF_TYPE", 
                    "args_list": [
                        {
                            "arg_type": 100006, 
                            "args_list": [
                                [
                                    "UNIT_ENTITY", 
                                    "U", 
                                    "actor"
                                ]
                            ], 
                            "sub_type": 11
                        }, 
                        {
                            "arg_type": 100046, 
                            "args_list": [
                                134220225
                            ], 
                            "sub_type": 1
                        }
                    ], 
                    "bp": false, 
                    "element_id": 487677958580010, 
                    "enable": true
                }, 
                {
                    "action_type": "REMOVE_BUFF_TYPE", 
                    "args_list": [
                        {
                            "arg_type": 100006, 
                            "args_list": [
                                [
                                    "UNIT_ENTITY", 
                                    "U", 
                                    "actor"
                                ]
                            ], 
                            "sub_type": 11
                        }, 
                        {
                            "arg_type": 100046, 
                            "args_list": [
                                134260487
                            ], 
                            "sub_type": 1
                        }
                    ], 
                    "bp": false, 
                    "element_id": 487677958580012, 
                    "enable": true
                }
            ], 
            "call_enabled": true, 
            "condition": [], 
            "enabled": true, 
            "event": [
                {
                    "args_list": [], 
                    "element_id": 4876779580002, 
                    "enable": true, 
                    "event_type": "ITEM_REMOVE_EVENT"
                }
            ], 
            "group_id": 134253385, 
            "p_trigger_id": null, 
            "trigger_id": 487677958, 
            "trigger_name": "\u65b0\u5efa\u89e6\u53d1\u5668_2", 
            "valid": true
        }, 
        "750804996": {
            "action": [
                {
                    "action_type": "IF_THEN_ELSE", 
                    "args_list": [
                        {
                            "arg_type": 100021, 
                            "args_list": [
                                {
                                    "args_list": [
                                        {
                                            "arg_type": 100010, 
                                            "args_list": [
                                                {
                                                    "arg_type": 100006, 
                                                    "args_list": [], 
                                                    "sub_type": "KILLED_UNIT"
                                                }
                                            ], 
                                            "sub_type": "GET_UNIT_TYPE"
                                        }, 
                                        {
                                            "arg_type": 100035, 
                                            "args_list": [
                                                "=="
                                            ], 
                                            "sub_type": 1
                                        }, 
                                        {
                                            "arg_type": 100010, 
                                            "args_list": [
                                                1
                                            ], 
                                            "sub_type": 1
                                        }
                                    ], 
                                    "condition_type": "UNIT_TYPE_COMPARE", 
                                    "element_id": 750804996000003, 
                                    "enable": true
                                }
                            ], 
                            "sub_type": 1
                        }, 
                        {
                            "arg_type": 100022, 
                            "args_list": [
                                {
                                    "action_type": "SET_VARIABLE", 
                                    "args_list": [
                                        {
                                            "arg_type": 100000, 
                                            "args_list": [
                                                [
                                                    "FLOAT", 
                                                    "\u56db\u9636", 
                                                    "actor"
                                                ]
                                            ], 
                                            "sub_type": 2
                                        }, 
                                        {
                                            "arg_type": 100000, 
                                            "args_list": [
                                                {
                                                    "arg_type": 100000, 
                                                    "args_list": [
                                                        [
                                                            "FLOAT", 
                                                            "\u56db\u9636", 
                                                            "actor"
                                                        ]
                                                    ], 
                                                    "sub_type": 2
                                                }, 
                                                {
                                                    "arg_type": 100017, 
                                                    "args_list": [
                                                        "+"
                                                    ], 
                                                    "sub_type": 1
                                                }, 
                                                {
                                                    "arg_type": 100000, 
                                                    "args_list": [
                                                        3.0
                                                    ], 
                                                    "sub_type": 1
                                                }
                                            ], 
                                            "sub_type": "ARITHMETIC_OPERATION"
                                        }
                                    ], 
                                    "bp": false, 
                                    "element_id": 750804996000004, 
                                    "enable": true
                                }, 
                                {
                                    "action_type": "ADD_ITEM_ATTR", 
                                    "args_list": [
                                        {
                                            "arg_type": 100031, 
                                            "args_list": [], 
                                            "sub_type": "CUR_ITEM"
                                        }, 
                                        {
                                            "arg_type": 100300, 
                                            "args_list": [
                                                "ATTR_BONUS"
                                            ], 
                                            "sub_type": 1
                                        }, 
                                        {
                                            "arg_type": 100042, 
                                            "args_list": [
                                                "attack_mag"
                                            ], 
                                            "sub_type": 1
                                        }, 
                                        {
                                            "arg_type": 100000, 
                                            "args_list": [
                                                3.0
                                            ], 
                                            "sub_type": 1
                                        }
                                    ], 
                                    "bp": false, 
                                    "element_id": 750804996000005, 
                                    "enable": true
                                }, 
                                {
                                    "action_type": "ADD_MODIFIER", 
                                    "args_list": [
                                        {
                                            "arg_type": 100006, 
                                            "args_list": [
                                                [
                                                    "UNIT_ENTITY", 
                                                    "U", 
                                                    "actor"
                                                ]
                                            ], 
                                            "sub_type": 11
                                        }, 
                                        {
                                            "arg_type": 100046, 
                                            "args_list": [
                                                134260487
                                            ], 
                                            "sub_type": 1
                                        }
                                    ], 
                                    "bp": false, 
                                    "element_id": 750804996000006, 
                                    "enable": true, 
                                    "op_arg": [
                                        {
                                            "arg_type": 100006, 
                                            "args_list": [
                                                [
                                                    "UNIT_ENTITY", 
                                                    "U", 
                                                    "actor"
                                                ]
                                            ], 
                                            "sub_type": 11
                                        }, 
                                        null, 
                                        null, 
                                        null, 
                                        {
                                            "arg_type": 100002, 
                                            "args_list": [
                                                3
                                            ], 
                                            "sub_type": 1
                                        }
                                    ], 
                                    "op_arg_enable": [
                                        true, 
                                        false, 
                                        false, 
                                        false, 
                                        true
                                    ]
                                }
                            ], 
                            "sub_type": 1
                        }, 
                        {
                            "arg_type": 100022, 
                            "args_list": [
                                {
                                    "action_type": "SET_VARIABLE", 
                                    "args_list": [
                                        {
                                            "arg_type": 100000, 
                                            "args_list": [
                                                [
                                                    "FLOAT", 
                                                    "\u56db\u9636", 
                                                    "actor"
                                                ]
                                            ], 
                                            "sub_type": 2
                                        }, 
                                        {
                                            "arg_type": 100000, 
                                            "args_list": [
                                                {
                                                    "arg_type": 100000, 
                                                    "args_list": [
                                                        [
                                                            "FLOAT", 
                                                            "\u56db\u9636", 
                                                            "actor"
                                                        ]
                                                    ], 
                                                    "sub_type": 2
                                                }, 
                                                {
                                                    "arg_type": 100017, 
                                                    "args_list": [
                                                        "+"
                                                    ], 
                                                    "sub_type": 1
                                                }, 
                                                {
                                                    "arg_type": 100000, 
                                                    "args_list": [
                                                        1.0
                                                    ], 
                                                    "sub_type": 1
                                                }
                                            ], 
                                            "sub_type": "ARITHMETIC_OPERATION"
                                        }
                                    ], 
                                    "bp": false, 
                                    "element_id": 750804996000007, 
                                    "enable": true
                                }, 
                                {
                                    "action_type": "ADD_ITEM_ATTR", 
                                    "args_list": [
                                        {
                                            "arg_type": 100031, 
                                            "args_list": [], 
                                            "sub_type": "CUR_ITEM"
                                        }, 
                                        {
                                            "arg_type": 100300, 
                                            "args_list": [
                                                "ATTR_BONUS"
                                            ], 
                                            "sub_type": 1
                                        }, 
                                        {
                                            "arg_type": 100042, 
                                            "args_list": [
                                                "attack_mag"
                                            ], 
                                            "sub_type": 1
                                        }, 
                                        {
                                            "arg_type": 100000, 
                                            "args_list": [
                                                1.0
                                            ], 
                                            "sub_type": 1
                                        }
                                    ], 
                                    "bp": false, 
                                    "element_id": 750804996000008, 
                                    "enable": true
                                }, 
                                {
                                    "action_type": "ADD_MODIFIER", 
                                    "args_list": [
                                        {
                                            "arg_type": 100006, 
                                            "args_list": [
                                                [
                                                    "UNIT_ENTITY", 
                                                    "U", 
                                                    "actor"
                                                ]
                                            ], 
                                            "sub_type": 11
                                        }, 
                                        {
                                            "arg_type": 100046, 
                                            "args_list": [
                                                134260487
                                            ], 
                                            "sub_type": 1
                                        }
                                    ], 
                                    "bp": false, 
                                    "element_id": 750804996000009, 
                                    "enable": true, 
                                    "op_arg": [
                                        {
                                            "arg_type": 100006, 
                                            "args_list": [
                                                [
                                                    "UNIT_ENTITY", 
                                                    "U", 
                                                    "actor"
                                                ]
                                            ], 
                                            "sub_type": 11
                                        }, 
                                        null, 
                                        null, 
                                        null, 
                                        {
                                            "arg_type": 100002, 
                                            "args_list": [
                                                1
                                            ], 
                                            "sub_type": 1
                                        }
                                    ], 
                                    "op_arg_enable": [
                                        true, 
                                        false, 
                                        false, 
                                        false, 
                                        true
                                    ]
                                }
                            ], 
                            "sub_type": 1
                        }
                    ], 
                    "bp": false, 
                    "element_id": 750804996000010, 
                    "enable": true, 
                    "fake_op": [
                        2
                    ]
                }
            ], 
            "call_enabled": true, 
            "condition": [
                {
                    "args_list": [
                        {
                            "arg_type": 100000, 
                            "args_list": [
                                [
                                    "FLOAT", 
                                    "\u661f\u9635\u56db\u9636\u6cd5\u5f3a", 
                                    "local"
                                ], 
                                null
                            ], 
                            "sub_type": 2
                        }, 
                        {
                            "arg_type": 100015, 
                            "args_list": [
                                "<"
                            ], 
                            "sub_type": 1
                        }, 
                        {
                            "arg_type": 100002, 
                            "args_list": [
                                50
                            ], 
                            "sub_type": 1
                        }
                    ], 
                    "condition_type": "FLOAT_COMPARE", 
                    "element_id": 750804996000002, 
                    "enable": true
                }
            ], 
            "enabled": false, 
            "event": [
                {
                    "args_list": [
                        {
                            "arg_type": 100006, 
                            "args_list": [
                                [
                                    "UNIT_ENTITY", 
                                    "U", 
                                    "actor"
                                ], 
                                null
                            ], 
                            "sub_type": 11
                        }, 
                        {
                            "arg_type": 100007, 
                            "args_list": [
                                "ET_KILL_UNIT"
                            ], 
                            "sub_type": 1
                        }
                    ], 
                    "element_id": 750804996000001, 
                    "enable": true, 
                    "event_type": "SPECIAL_UNIT_EVENT"
                }
            ], 
            "group_id": 0, 
            "is_conf": true, 
            "p_trigger_id": 1560875009, 
            "sub_trigger_owner_set_var_action": {
                "action_type": "SET_VARIABLE", 
                "args_list": [
                    {
                        "arg_type": 100178, 
                        "args_list": [
                            [
                                "DYNAMIC_TRIGGER_INSTANCE", 
                                "\u661f\u9635\u56db\u9636", 
                                "actor"
                            ], 
                            null
                        ], 
                        "sub_type": "VARIABLE"
                    }, 
                    {
                        "arg_type": 100178, 
                        "args_list": [
                            {
                                "arg_type": 1000673, 
                                "args_list": [
                                    750804996
                                ], 
                                "sub_type": 1
                            }
                        ], 
                        "sub_type": "REG_ITEM_TRIGGER"
                    }
                ], 
                "bp": false, 
                "element_id": 1560875009910091, 
                "enable": true
            }, 
            "trigger_id": 750804996, 
            "trigger_name": "\u661f\u9635\u56db\u9636_2", 
            "valid": true
        }, 
        "1069555716": {
            "action": [
                {
                    "action_type": "ADD_ITEM_ATTR", 
                    "args_list": [
                        {
                            "arg_type": 100031, 
                            "args_list": [], 
                            "sub_type": "CUR_ITEM"
                        }, 
                        {
                            "arg_type": 100300, 
                            "args_list": [
                                "ATTR_BONUS"
                            ], 
                            "sub_type": 1
                        }, 
                        {
                            "arg_type": 100042, 
                            "args_list": [
                                "mp_max"
                            ], 
                            "sub_type": 1
                        }, 
                        {
                            "arg_type": 100000, 
                            "args_list": [
                                5.0
                            ], 
                            "sub_type": 1
                        }
                    ], 
                    "bp": false, 
                    "element_id": 1069555716000003, 
                    "enable": true
                }, 
                {
                    "action_type": "SET_VARIABLE", 
                    "args_list": [
                        {
                            "arg_type": 100000, 
                            "args_list": [
                                [
                                    "FLOAT", 
                                    "\u4e8c\u9636", 
                                    "actor"
                                ]
                            ], 
                            "sub_type": 2
                        }, 
                        {
                            "arg_type": 100000, 
                            "args_list": [
                                {
                                    "arg_type": 100000, 
                                    "args_list": [
                                        [
                                            "FLOAT", 
                                            "\u4e8c\u9636", 
                                            "actor"
                                        ]
                                    ], 
                                    "sub_type": 2
                                }
                            ], 
                            "sub_type": "FLOAT_PLUS_ONE"
                        }
                    ], 
                    "bp": false, 
                    "element_id": 1069555716000004, 
                    "enable": true
                }, 
                {
                    "action_type": "ADD_MODIFIER", 
                    "args_list": [
                        {
                            "arg_type": 100006, 
                            "args_list": [
                                [
                                    "UNIT_ENTITY", 
                                    "U", 
                                    "actor"
                                ]
                            ], 
                            "sub_type": 11
                        }, 
                        {
                            "arg_type": 100046, 
                            "args_list": [
                                134220225
                            ], 
                            "sub_type": 1
                        }
                    ], 
                    "bp": false, 
                    "element_id": 1069555716000005, 
                    "enable": true, 
                    "op_arg": [
                        {
                            "arg_type": 100006, 
                            "args_list": [
                                [
                                    "UNIT_ENTITY", 
                                    "U", 
                                    "actor"
                                ]
                            ], 
                            "sub_type": 11
                        }, 
                        null, 
                        null, 
                        null, 
                        {
                            "arg_type": 100002, 
                            "args_list": [
                                5
                            ], 
                            "sub_type": 1
                        }
                    ], 
                    "op_arg_enable": [
                        true, 
                        false, 
                        false, 
                        false, 
                        true
                    ]
                }
            ], 
            "call_enabled": true, 
            "condition": [
                {
                    "args_list": [
                        {
                            "arg_type": 100000, 
                            "args_list": [
                                [
                                    "FLOAT", 
                                    "\u4e8c\u9636", 
                                    "actor"
                                ]
                            ], 
                            "sub_type": 2
                        }, 
                        {
                            "arg_type": 100015, 
                            "args_list": [
                                "<"
                            ], 
                            "sub_type": 1
                        }, 
                        {
                            "arg_type": 100000, 
                            "args_list": [
                                100.0
                            ], 
                            "sub_type": 1
                        }
                    ], 
                    "condition_type": "FLOAT_COMPARE", 
                    "element_id": 1069555716000002, 
                    "enable": true
                }
            ], 
            "enabled": false, 
            "event": [
                {
                    "args_list": [
                        {
                            "arg_type": 100006, 
                            "args_list": [
                                [
                                    "UNIT_ENTITY", 
                                    "U", 
                                    "actor"
                                ], 
                                null
                            ], 
                            "sub_type": 11
                        }, 
                        {
                            "arg_type": 100007, 
                            "args_list": [
                                "ET_KILL_UNIT"
                            ], 
                            "sub_type": 1
                        }
                    ], 
                    "element_id": 1069555716000001, 
                    "enable": true, 
                    "event_type": "SPECIAL_UNIT_EVENT"
                }
            ], 
            "group_id": 0, 
            "is_conf": true, 
            "p_trigger_id": 1560875009, 
            "sub_trigger_owner_set_var_action": {
                "action_type": "SET_VARIABLE", 
                "args_list": [
                    {
                        "arg_type": 100178, 
                        "args_list": [
                            [
                                "DYNAMIC_TRIGGER_INSTANCE", 
                                "\u661f\u96352\u9636", 
                                "actor"
                            ], 
                            null
                        ], 
                        "sub_type": "VARIABLE"
                    }, 
                    {
                        "arg_type": 100178, 
                        "args_list": [
                            {
                                "arg_type": 1000673, 
                                "args_list": [
                                    1069555716
                                ], 
                                "sub_type": 1
                            }
                        ], 
                        "sub_type": "REG_ITEM_TRIGGER"
                    }
                ], 
                "bp": false, 
                "element_id": 1560875009910090, 
                "enable": true
            }, 
            "trigger_id": 1069555716, 
            "trigger_name": "\u661f\u9635\u4e8c\u9636_2", 
            "valid": true
        }, 
        "1560875009": {
            "action": [
                {
                    "action_type": "SET_VARIABLE", 
                    "args_list": [
                        {
                            "arg_type": 100030, 
                            "args_list": [
                                [
                                    "UNIT_ENTITY", 
                                    "U", 
                                    "actor"
                                ]
                            ], 
                            "sub_type": 1
                        }, 
                        {
                            "arg_type": 100006, 
                            "args_list": [], 
                            "sub_type": "LAST_ADD_ITEM_UNIT"
                        }
                    ], 
                    "bp": false, 
                    "element_id": 789045249910088, 
                    "enable": true
                }, 
                {
                    "action_type": "ADD_MODIFIER", 
                    "args_list": [
                        {
                            "arg_type": 100006, 
                            "args_list": [
                                [
                                    "UNIT_ENTITY", 
                                    "U", 
                                    "actor"
                                ]
                            ], 
                            "sub_type": 11
                        }, 
                        {
                            "arg_type": 100046, 
                            "args_list": [
                                134220225
                            ], 
                            "sub_type": 1
                        }
                    ], 
                    "bp": false, 
                    "element_id": 351354890000007, 
                    "enable": true, 
                    "op_arg": [
                        {
                            "arg_type": 100006, 
                            "args_list": [
                                [
                                    "UNIT_ENTITY", 
                                    "U", 
                                    "actor"
                                ]
                            ], 
                            "sub_type": 11
                        }, 
                        null, 
                        null, 
                        null, 
                        {
                            "arg_type": 100002, 
                            "args_list": [
                                {
                                    "arg_type": 100000, 
                                    "args_list": [
                                        {
                                            "arg_type": 100000, 
                                            "args_list": [
                                                5.0
                                            ], 
                                            "sub_type": 1
                                        }, 
                                        {
                                            "arg_type": 100017, 
                                            "args_list": [
                                                "*"
                                            ], 
                                            "sub_type": 1
                                        }, 
                                        {
                                            "arg_type": 100000, 
                                            "args_list": [
                                                [
                                                    "FLOAT", 
                                                    "\u4e8c\u9636", 
                                                    "actor"
                                                ]
                                            ], 
                                            "sub_type": 2
                                        }
                                    ], 
                                    "sub_type": "ARITHMETIC_OPERATION"
                                }
                            ], 
                            "sub_type": "F2I"
                        }
                    ], 
                    "op_arg_enable": [
                        true, 
                        false, 
                        false, 
                        false, 
                        true
                    ]
                }, 
                {
                    "action_type": "ADD_MODIFIER", 
                    "args_list": [
                        {
                            "arg_type": 100006, 
                            "args_list": [
                                [
                                    "UNIT_ENTITY", 
                                    "U", 
                                    "actor"
                                ]
                            ], 
                            "sub_type": 11
                        }, 
                        {
                            "arg_type": 100046, 
                            "args_list": [
                                134260487
                            ], 
                            "sub_type": 1
                        }
                    ], 
                    "bp": false, 
                    "element_id": 1123106827000013, 
                    "enable": true, 
                    "op_arg": [
                        {
                            "arg_type": 100006, 
                            "args_list": [
                                [
                                    "UNIT_ENTITY", 
                                    "U", 
                                    "actor"
                                ]
                            ], 
                            "sub_type": 11
                        }, 
                        null, 
                        null, 
                        null, 
                        {
                            "arg_type": 100002, 
                            "args_list": [
                                {
                                    "arg_type": 100000, 
                                    "args_list": [
                                        [
                                            "FLOAT", 
                                            "\u56db\u9636", 
                                            "actor"
                                        ]
                                    ], 
                                    "sub_type": 2
                                }
                            ], 
                            "sub_type": "F2I"
                        }
                    ], 
                    "op_arg_enable": [
                        true, 
                        false, 
                        false, 
                        false, 
                        true
                    ]
                }, 
                1069555716, 
                750804996
            ], 
            "call_enabled": true, 
            "condition": [], 
            "enabled": true, 
            "event": [
                {
                    "args_list": [], 
                    "element_id": 15608750090001, 
                    "enable": true, 
                    "event_type": "ITEM_ADD_EVENT"
                }
            ], 
            "group_id": 134253385, 
            "p_trigger_id": null, 
            "trigger_id": 1560875009, 
            "trigger_name": "\u65b0\u5efa\u89e6\u53d1\u5668", 
            "valid": true
        }
    }, 
    "trigger_version": "1.2", 
    "variable_dict": {
        "DYNAMIC_TRIGGER_INSTANCE": {
            "\u661f\u96352\u9636": 0, 
            "\u661f\u9635\u56db\u9636": 0
        }, 
        "FLOAT": {
            "\u4e8c\u9636": 0.0, 
            "\u56db\u9636": 0.0
        }, 
        "UNIT_ENTITY": {
            "U": 0
        }
    }, 
    "variable_group_info": [
        [
            "\u661f\u96352\u9636", 
            "(\u661f\u96352\u9636)"
        ], 
        [
            "\u661f\u9635\u56db\u9636", 
            "(\u661f\u9635\u56db\u9636)"
        ], 
        [
            "U", 
            "(U)"
        ], 
        [
            "\u4e8c\u9636", 
            "\u4e8c\u9636"
        ], 
        [
            "\u56db\u9636", 
            "\u56db\u9636"
        ]
    ], 
    "variable_length_dict": {
        "U": 0, 
        "\u4e8c\u9636": 0, 
        "\u56db\u9636": 0, 
        "\u661f\u96352\u9636": 0, 
        "\u661f\u9635\u56db\u9636": 0
    }, 
    "variable_type_dict": {
        "U": false, 
        "\u4e8c\u9636": false, 
        "\u56db\u9636": false, 
        "\u661f\u96352\u9636": false, 
        "\u661f\u9635\u56db\u9636": false
    }
}