{
    "local_variable": {}, 
    "trigger_dict": {
        "477757444": {
            "action": [
                {
                    "action_type": "ADD_BUFF_STACK", 
                    "args_list": [
                        {
                            "arg_type": 100076, 
                            "args_list": [
                                {
                                    "arg_type": 100006, 
                                    "args_list": [], 
                                    "sub_type": "LAST_REMOVE_ITEM_UNIT"
                                }, 
                                {
                                    "arg_type": 100046, 
                                    "args_list": [
                                        134219822
                                    ], 
                                    "sub_type": 1
                                }
                            ], 
                            "sub_type": "GET_LAST_MODIFIER_INSTANCE"
                        }, 
                        {
                            "arg_type": 100002, 
                            "args_list": [
                                -1
                            ], 
                            "sub_type": 1
                        }
                    ], 
                    "bp": false, 
                    "element_id": 4777574440003, 
                    "enable": true
                }, 
                {
                    "action_type": "ADD_BUFF_STACK", 
                    "args_list": [
                        {
                            "arg_type": 100076, 
                            "args_list": [
                                {
                                    "arg_type": 100006, 
                                    "args_list": [], 
                                    "sub_type": "LAST_REMOVE_ITEM_UNIT"
                                }, 
                                {
                                    "arg_type": 100046, 
                                    "args_list": [
                                        134221019
                                    ], 
                                    "sub_type": 1
                                }
                            ], 
                            "sub_type": "GET_LAST_MODIFIER_INSTANCE"
                        }, 
                        {
                            "arg_type": 100002, 
                            "args_list": [
                                -1
                            ], 
                            "sub_type": 1
                        }
                    ], 
                    "bp": false, 
                    "element_id": 4777574440004, 
                    "enable": true
                }
            ], 
            "call_enabled": true, 
            "condition": [], 
            "enabled": true, 
            "event": [
                {
                    "args_list": [], 
                    "element_id": 4777574440001, 
                    "enable": true, 
                    "event_type": "ITEM_REMOVE_EVENT"
                }
            ], 
            "group_id": 134276637, 
            "p_trigger_id": null, 
            "trigger_id": 477757444, 
            "trigger_name": "\u65b0\u5efa\u89e6\u53d1\u5668_2", 
            "valid": true
        }, 
        "1248321537": {
            "action": [
                {
                    "action_type": "SET_VARIABLE", 
                    "args_list": [
                        {
                            "arg_type": 100030, 
                            "args_list": [
                                [
                                    "UNIT_ENTITY", 
                                    "U", 
                                    "actor"
                                ]
                            ], 
                            "sub_type": 1
                        }, 
                        {
                            "arg_type": 100006, 
                            "args_list": [], 
                            "sub_type": "LAST_ADD_ITEM_UNIT"
                        }
                    ], 
                    "bp": false, 
                    "element_id": 912965633800002, 
                    "enable": true
                }, 
                {
                    "action_type": "ADD_MODIFIER", 
                    "args_list": [
                        {
                            "arg_type": 100006, 
                            "args_list": [], 
                            "sub_type": "LAST_ADD_ITEM_UNIT"
                        }, 
                        {
                            "arg_type": 100046, 
                            "args_list": [
                                134219822
                            ], 
                            "sub_type": 1
                        }
                    ], 
                    "bp": false, 
                    "element_id": 18444697610025, 
                    "enable": true, 
                    "op_arg": [
                        null, 
                        null, 
                        null, 
                        null, 
                        null
                    ], 
                    "op_arg_enable": [
                        false, 
                        false, 
                        false, 
                        false, 
                        false
                    ]
                }, 
                {
                    "action_type": "ADD_MODIFIER", 
                    "args_list": [
                        {
                            "arg_type": 100006, 
                            "args_list": [], 
                            "sub_type": "LAST_ADD_ITEM_UNIT"
                        }, 
                        {
                            "arg_type": 100046, 
                            "args_list": [
                                134221019
                            ], 
                            "sub_type": 1
                        }
                    ], 
                    "bp": false, 
                    "element_id": 18444697610039, 
                    "enable": true, 
                    "op_arg": [
                        null, 
                        null, 
                        null, 
                        null, 
                        null
                    ], 
                    "op_arg_enable": [
                        false, 
                        false, 
                        false, 
                        false, 
                        false
                    ]
                }
            ], 
            "call_enabled": true, 
            "condition": [], 
            "enabled": true, 
            "event": [
                {
                    "args_list": [], 
                    "element_id": 12483215370001, 
                    "enable": true, 
                    "event_type": "ITEM_ADD_EVENT"
                }
            ], 
            "group_id": 134276637, 
            "p_trigger_id": null, 
            "trigger_id": 1248321537, 
            "trigger_name": "\u65b0\u5efa\u89e6\u53d1\u5668", 
            "valid": true
        }
    }, 
    "trigger_version": "1.2", 
    "variable_dict": {
        "DYNAMIC_TRIGGER_INSTANCE": {}, 
        "UNIT_ENTITY": {
            "U": 0
        }
    }, 
    "variable_group_info": [
        [
            "U", 
            "(U)"
        ]
    ], 
    "variable_length_dict": {
        "U": 0
    }, 
    "variable_type_dict": {
        "U": false
    }
}