{
    "local_variable": {}, 
    "trigger_dict": {
        "1928650754": {
            "action": [
                {
                    "action_type": "ROLE_CHANGE_RES", 
                    "args_list": [
                        {
                            "arg_type": 100025, 
                            "args_list": [
                                {
                                    "arg_type": 100006, 
                                    "args_list": [
                                        {
                                            "arg_type": 100031, 
                                            "args_list": [], 
                                            "sub_type": "CUR_ITEM"
                                        }
                                    ], 
                                    "sub_type": "ITEM_OWNER"
                                }
                            ], 
                            "sub_type": "OWNER_PLAYER"
                        }, 
                        {
                            "arg_type": 100037, 
                            "args_list": [
                                "official_res_1"
                            ], 
                            "sub_type": 1
                        }, 
                        {
                            "arg_type": 100000, 
                            "args_list": [
                                200.0
                            ], 
                            "sub_type": 1
                        }
                    ], 
                    "bp": false, 
                    "element_id": 19286507540006, 
                    "enable": true
                }, 
                {
                    "action_type": "REMOVE_ITEM", 
                    "args_list": [
                        {
                            "arg_type": 100031, 
                            "args_list": [], 
                            "sub_type": "CUR_ITEM"
                        }
                    ], 
                    "bp": false, 
                    "element_id": 19286507540003, 
                    "enable": true
                }
            ], 
            "call_enabled": true, 
            "condition": [], 
            "enabled": true, 
            "event": [
                {
                    "args_list": [], 
                    "element_id": 19286507540001, 
                    "enable": true, 
                    "event_type": "ITEM_ADD_EVENT"
                }
            ], 
            "group_id": 201328391, 
            "p_trigger_id": null, 
            "trigger_id": 1928650754, 
            "trigger_name": "ItemGained", 
            "valid": true
        }
    }, 
    "trigger_version": "1.2", 
    "variable_dict": {}, 
    "variable_group_info": [], 
    "variable_length_dict": {}, 
    "variable_type_dict": {}
}