{
    "local_variable": {}, 
    "trigger_dict": {
        "325140485": {
            "action": [
                {
                    "action_type": "UNREG_TRIGGER", 
                    "args_list": [
                        {
                            "arg_type": 100178, 
                            "args_list": [
                                [
                                    "DYNAMIC_TRIGGER_INSTANCE", 
                                    "\u707c\u70e7", 
                                    "actor"
                                ], 
                                null
                            ], 
                            "sub_type": "VARIABLE"
                        }
                    ], 
                    "bp": false, 
                    "element_id": 3251404850005, 
                    "enable": true
                }, 
                {
                    "action_type": "UNREG_TRIGGER", 
                    "args_list": [
                        {
                            "arg_type": 100178, 
                            "args_list": [
                                [
                                    "DYNAMIC_TRIGGER_INSTANCE", 
                                    "\u51cf\u6297", 
                                    "actor"
                                ], 
                                null
                            ], 
                            "sub_type": "VARIABLE"
                        }
                    ], 
                    "bp": false, 
                    "element_id": 3251404850007, 
                    "enable": true
                }
            ], 
            "call_enabled": true, 
            "condition": [], 
            "enabled": true, 
            "event": [
                {
                    "args_list": [], 
                    "element_id": 3251404850002, 
                    "enable": true, 
                    "event_type": "ITEM_REMOVE_EVENT"
                }
            ], 
            "group_id": 201390096, 
            "p_trigger_id": null, 
            "trigger_id": 325140485, 
            "trigger_name": "\u65b0\u5efa\u89e6\u53d1\u5668_2", 
            "valid": true
        }, 
        "376283137": {
            "action": [
                {
                    "action_type": "SET_VARIABLE", 
                    "args_list": [
                        {
                            "arg_type": 100030, 
                            "args_list": [
                                [
                                    "UNIT_ENTITY", 
                                    "U", 
                                    "actor"
                                ]
                            ], 
                            "sub_type": 1
                        }, 
                        {
                            "arg_type": 100006, 
                            "args_list": [], 
                            "sub_type": "LAST_ADD_ITEM_UNIT"
                        }
                    ], 
                    "bp": false, 
                    "element_id": 789045249910088, 
                    "enable": true
                }, 
                648986633, 
                514793481
            ], 
            "call_enabled": true, 
            "condition": [], 
            "enabled": true, 
            "event": [
                {
                    "args_list": [], 
                    "element_id": 3762831370001, 
                    "enable": true, 
                    "event_type": "ITEM_ADD_EVENT"
                }
            ], 
            "group_id": 201390096, 
            "p_trigger_id": null, 
            "trigger_id": 376283137, 
            "trigger_name": "\u65b0\u5efa\u89e6\u53d1\u5668", 
            "valid": true
        }, 
        "514793481": {
            "action": [
                {
                    "action_type": "ADD_MODIFIER", 
                    "args_list": [
                        {
                            "arg_type": 100006, 
                            "args_list": [], 
                            "sub_type": "DAMAGE_TARGET_UNIT"
                        }, 
                        {
                            "arg_type": 100046, 
                            "args_list": [
                                134275980
                            ], 
                            "sub_type": 1
                        }
                    ], 
                    "bp": false, 
                    "element_id": 514793481000005, 
                    "enable": true, 
                    "op_arg": [
                        {
                            "arg_type": 100006, 
                            "args_list": [
                                [
                                    "UNIT_ENTITY", 
                                    "U", 
                                    "actor"
                                ], 
                                null
                            ], 
                            "sub_type": 11
                        }, 
                        {
                            "arg_type": 100014, 
                            "args_list": [
                                {
                                    "arg_type": 100031, 
                                    "args_list": [], 
                                    "sub_type": "CUR_ITEM"
                                }
                            ], 
                            "op_arg": [
                                null
                            ], 
                            "op_arg_enable": [
                                false
                            ], 
                            "sub_type": "GET_ITEM_PASSIVE_ABILITY"
                        }, 
                        {
                            "arg_type": 100000, 
                            "args_list": [
                                2.0
                            ], 
                            "sub_type": 1
                        }, 
                        null, 
                        {
                            "arg_type": 100002, 
                            "args_list": [
                                1
                            ], 
                            "sub_type": 1
                        }
                    ], 
                    "op_arg_enable": [
                        true, 
                        true, 
                        true, 
                        false, 
                        false
                    ]
                }
            ], 
            "call_enabled": true, 
            "condition": [
                {
                    "args_list": [
                        {
                            "arg_type": 100006, 
                            "args_list": [], 
                            "sub_type": "DAMAGE_TARGET_UNIT"
                        }, 
                        {
                            "arg_type": 100006, 
                            "args_list": [], 
                            "sub_type": "DAMAGE_SOURCE_UNIT"
                        }
                    ], 
                    "condition_type": "IS_ENEMY_RELATION", 
                    "element_id": 514793481000002, 
                    "enable": true
                }, 
                {
                    "args_list": [
                        {
                            "arg_type": 100010, 
                            "args_list": [
                                2
                            ], 
                            "sub_type": 1
                        }, 
                        {
                            "arg_type": 100035, 
                            "args_list": [
                                "!="
                            ], 
                            "sub_type": 1
                        }, 
                        {
                            "arg_type": 100010, 
                            "args_list": [
                                {
                                    "arg_type": 100006, 
                                    "args_list": [], 
                                    "sub_type": "DAMAGE_TARGET_UNIT"
                                }
                            ], 
                            "sub_type": "GET_UNIT_TYPE"
                        }
                    ], 
                    "condition_type": "UNIT_TYPE_COMPARE", 
                    "element_id": 514793481000003, 
                    "enable": true
                }, 
                {
                    "args_list": [
                        {
                            "arg_type": 100064, 
                            "args_list": [
                                1
                            ], 
                            "sub_type": 1
                        }, 
                        {
                            "arg_type": 100035, 
                            "args_list": [
                                "=="
                            ], 
                            "sub_type": 1
                        }, 
                        {
                            "arg_type": 100064, 
                            "args_list": [], 
                            "sub_type": "GET_DAMAGE_TYPE"
                        }
                    ], 
                    "condition_type": "DAMAGE_TYPE_COMPARE", 
                    "element_id": 514793481000004, 
                    "enable": true
                }
            ], 
            "enabled": false, 
            "event": [
                {
                    "args_list": [
                        {
                            "arg_type": 100006, 
                            "args_list": [
                                [
                                    "UNIT_ENTITY", 
                                    "U", 
                                    "actor"
                                ], 
                                null
                            ], 
                            "sub_type": 11
                        }, 
                        {
                            "arg_type": 100007, 
                            "args_list": [
                                "ET_UNIT_HURT_OTHER"
                            ], 
                            "sub_type": 1
                        }
                    ], 
                    "element_id": 514793481000001, 
                    "enable": true, 
                    "event_type": "SPECIAL_UNIT_EVENT"
                }
            ], 
            "group_id": 0, 
            "is_conf": true, 
            "p_trigger_id": 376283137, 
            "sub_trigger_owner_set_var_action": {
                "action_type": "SET_VARIABLE", 
                "args_list": [
                    {
                        "arg_type": 100178, 
                        "args_list": [
                            [
                                "DYNAMIC_TRIGGER_INSTANCE", 
                                "\u51cf\u6297", 
                                "actor"
                            ], 
                            null
                        ], 
                        "sub_type": "VARIABLE"
                    }, 
                    {
                        "arg_type": 100178, 
                        "args_list": [
                            {
                                "arg_type": 1000673, 
                                "args_list": [
                                    514793481
                                ], 
                                "sub_type": 1
                            }
                        ], 
                        "sub_type": "REG_ITEM_TRIGGER"
                    }
                ], 
                "bp": false, 
                "element_id": 376283137910090, 
                "enable": true
            }, 
            "trigger_id": 514793481, 
            "trigger_name": "\u5b50\u89e6\u53d1\u5668_5", 
            "valid": true
        }, 
        "648986633": {
            "action": [
                {
                    "action_type": "ADD_MODIFIER", 
                    "args_list": [
                        {
                            "arg_type": 100006, 
                            "args_list": [], 
                            "sub_type": "DAMAGE_TARGET_UNIT"
                        }, 
                        {
                            "arg_type": 100046, 
                            "args_list": [
                                134246205
                            ], 
                            "sub_type": 1
                        }
                    ], 
                    "bp": false, 
                    "element_id": 648986633000004, 
                    "enable": true, 
                    "op_arg": [
                        {
                            "arg_type": 100006, 
                            "args_list": [
                                [
                                    "UNIT_ENTITY", 
                                    "U", 
                                    "actor"
                                ], 
                                null
                            ], 
                            "sub_type": 11
                        }, 
                        {
                            "arg_type": 100014, 
                            "args_list": [
                                {
                                    "arg_type": 100031, 
                                    "args_list": [], 
                                    "sub_type": "CUR_ITEM"
                                }
                            ], 
                            "op_arg": [
                                null
                            ], 
                            "op_arg_enable": [
                                false
                            ], 
                            "sub_type": "GET_ITEM_PASSIVE_ABILITY"
                        }, 
                        {
                            "arg_type": 100000, 
                            "args_list": [
                                5.0
                            ], 
                            "sub_type": 1
                        }, 
                        null, 
                        null
                    ], 
                    "op_arg_enable": [
                        true, 
                        true, 
                        true, 
                        false, 
                        false
                    ]
                }
            ], 
            "call_enabled": true, 
            "condition": [
                {
                    "args_list": [
                        {
                            "arg_type": 100064, 
                            "args_list": [
                                1
                            ], 
                            "sub_type": 1
                        }, 
                        {
                            "arg_type": 100035, 
                            "args_list": [
                                "=="
                            ], 
                            "sub_type": 1
                        }, 
                        {
                            "arg_type": 100064, 
                            "args_list": [], 
                            "sub_type": "GET_DAMAGE_TYPE"
                        }
                    ], 
                    "condition_type": "DAMAGE_TYPE_COMPARE", 
                    "element_id": 648986633000002, 
                    "enable": true
                }, 
                {
                    "args_list": [
                        {
                            "arg_type": 100006, 
                            "args_list": [], 
                            "sub_type": "DAMAGE_TARGET_UNIT"
                        }, 
                        {
                            "arg_type": 100006, 
                            "args_list": [], 
                            "sub_type": "DAMAGE_SOURCE_UNIT"
                        }
                    ], 
                    "condition_type": "IS_ENEMY_RELATION", 
                    "element_id": 648986633000003, 
                    "enable": true
                }
            ], 
            "enabled": false, 
            "event": [
                {
                    "args_list": [
                        {
                            "arg_type": 100006, 
                            "args_list": [
                                [
                                    "UNIT_ENTITY", 
                                    "U", 
                                    "actor"
                                ], 
                                null
                            ], 
                            "sub_type": 11
                        }, 
                        {
                            "arg_type": 100007, 
                            "args_list": [
                                "ET_UNIT_HURT_OTHER"
                            ], 
                            "sub_type": 1
                        }
                    ], 
                    "element_id": 648986633000001, 
                    "enable": true, 
                    "event_type": "SPECIAL_UNIT_EVENT"
                }
            ], 
            "group_id": 0, 
            "is_conf": true, 
            "p_trigger_id": 376283137, 
            "sub_trigger_owner_set_var_action": {
                "action_type": "SET_VARIABLE", 
                "args_list": [
                    {
                        "arg_type": 100178, 
                        "args_list": [
                            [
                                "DYNAMIC_TRIGGER_INSTANCE", 
                                "\u707c\u70e7", 
                                "actor"
                            ], 
                            null
                        ], 
                        "sub_type": "VARIABLE"
                    }, 
                    {
                        "arg_type": 100178, 
                        "args_list": [
                            {
                                "arg_type": 1000673, 
                                "args_list": [
                                    648986633
                                ], 
                                "sub_type": 1
                            }
                        ], 
                        "sub_type": "REG_ITEM_TRIGGER"
                    }
                ], 
                "bp": false, 
                "element_id": 376283137910091, 
                "enable": true
            }, 
            "trigger_id": 648986633, 
            "trigger_name": "\u5b50\u89e6\u53d1\u5668", 
            "valid": true
        }
    }, 
    "trigger_version": "1.2", 
    "variable_dict": {
        "DYNAMIC_TRIGGER_INSTANCE": {
            "\u51cf\u6297": 0, 
            "\u707c\u70e7": 0
        }, 
        "UNIT_ENTITY": {
            "U": 0
        }
    }, 
    "variable_group_info": [
        [
            "\u707c\u70e7", 
            "(\u707c\u70e7)"
        ], 
        [
            "\u51cf\u6297", 
            "(\u51cf\u6297)"
        ], 
        [
            "U", 
            "(U)"
        ]
    ], 
    "variable_length_dict": {
        "U": 0, 
        "\u51cf\u6297": 0, 
        "\u707c\u70e7": 0
    }, 
    "variable_type_dict": {
        "U": false, 
        "\u51cf\u6297": false, 
        "\u707c\u70e7": false
    }
}