{
    "local_variable": {
        "1145294849": {
            "variable_dict": {
                "FLOAT": {
                    "\u7f13\u5b58\u503c": 0.0
                }, 
                "NEW_TIMER": {}
            }, 
            "variable_length_dict": {
                "\u7f13\u5b58\u503c": 0
            }, 
            "variable_type_dict": {
                "\u7f13\u5b58\u503c": false
            }
        }
    }, 
    "trigger_dict": {
        "1145294849": {
            "action": [
                {
                    "action_type": "RUN_ONCE_TIMER_NO_SAVE", 
                    "args_list": [
                        {
                            "arg_type": 100000, 
                            "args_list": [
                                0.0
                            ], 
                            "sub_type": 1
                        }, 
                        {
                            "arg_type": 100022, 
                            "args_list": [
                                1618608135, 
                                1266298888, 
                                {
                                    "action_type": "SET_VARIABLE", 
                                    "args_list": [
                                        {
                                            "arg_type": 100030, 
                                            "args_list": [
                                                [
                                                    "FLOAT", 
                                                    "\u8f6c\u5316\u7684\u6cd5\u5f3a", 
                                                    "actor"
                                                ]
                                            ], 
                                            "sub_type": 1
                                        }, 
                                        {
                                            "arg_type": 100000, 
                                            "args_list": [
                                                {
                                                    "arg_type": 100000, 
                                                    "args_list": [
                                                        {
                                                            "arg_type": 100000, 
                                                            "args_list": [
                                                                {
                                                                    "arg_type": 100014, 
                                                                    "args_list": [], 
                                                                    "sub_type": "CUR_ABILITY"
                                                                }, 
                                                                {
                                                                    "arg_type": 100003, 
                                                                    "args_list": [
                                                                        "\u653b\u8f6c\u6cd5"
                                                                    ], 
                                                                    "sub_type": 1
                                                                }
                                                            ], 
                                                            "sub_type": "GET_FLOAT_KV"
                                                        }, 
                                                        {
                                                            "arg_type": 100017, 
                                                            "args_list": [
                                                                "/"
                                                            ], 
                                                            "sub_type": 1
                                                        }, 
                                                        {
                                                            "arg_type": 100000, 
                                                            "args_list": [
                                                                100.0
                                                            ], 
                                                            "sub_type": 1
                                                        }
                                                    ], 
                                                    "sub_type": "ARITHMETIC_OPERATION"
                                                }, 
                                                {
                                                    "arg_type": 100017, 
                                                    "args_list": [
                                                        "*"
                                                    ], 
                                                    "sub_type": 1
                                                }, 
                                                {
                                                    "arg_type": 100000, 
                                                    "args_list": [
                                                        {
                                                            "arg_type": 100006, 
                                                            "args_list": [], 
                                                            "sub_type": "ABILITY_OWNER"
                                                        }, 
                                                        {
                                                            "arg_type": 100301, 
                                                            "args_list": [
                                                                "ATTR_OTHER"
                                                            ], 
                                                            "sub_type": 1
                                                        }, 
                                                        {
                                                            "arg_type": 100042, 
                                                            "args_list": [
                                                                "attack_phy"
                                                            ], 
                                                            "sub_type": 1
                                                        }
                                                    ], 
                                                    "sub_type": "GET_UNIT_ATTR"
                                                }
                                            ], 
                                            "sub_type": "ARITHMETIC_OPERATION"
                                        }
                                    ], 
                                    "bp": false, 
                                    "element_id": 11452948490003, 
                                    "enable": true
                                }, 
                                {
                                    "action_type": "SET_VARIABLE", 
                                    "args_list": [
                                        {
                                            "arg_type": 100030, 
                                            "args_list": [
                                                [
                                                    "FLOAT", 
                                                    "\u8f6c\u5316\u7684\u653b\u51fb", 
                                                    "actor"
                                                ]
                                            ], 
                                            "sub_type": 1
                                        }, 
                                        {
                                            "arg_type": 100000, 
                                            "args_list": [
                                                {
                                                    "arg_type": 100000, 
                                                    "args_list": [
                                                        {
                                                            "arg_type": 100000, 
                                                            "args_list": [
                                                                {
                                                                    "arg_type": 100014, 
                                                                    "args_list": [], 
                                                                    "sub_type": "CUR_ABILITY"
                                                                }, 
                                                                {
                                                                    "arg_type": 100003, 
                                                                    "args_list": [
                                                                        "\u6cd5\u8f6c\u653b"
                                                                    ], 
                                                                    "sub_type": 1
                                                                }
                                                            ], 
                                                            "sub_type": "GET_FLOAT_KV"
                                                        }, 
                                                        {
                                                            "arg_type": 100017, 
                                                            "args_list": [
                                                                "/"
                                                            ], 
                                                            "sub_type": 1
                                                        }, 
                                                        {
                                                            "arg_type": 100000, 
                                                            "args_list": [
                                                                100.0
                                                            ], 
                                                            "sub_type": 1
                                                        }
                                                    ], 
                                                    "sub_type": "ARITHMETIC_OPERATION"
                                                }, 
                                                {
                                                    "arg_type": 100017, 
                                                    "args_list": [
                                                        "*"
                                                    ], 
                                                    "sub_type": 1
                                                }, 
                                                {
                                                    "arg_type": 100000, 
                                                    "args_list": [
                                                        {
                                                            "arg_type": 100006, 
                                                            "args_list": [], 
                                                            "sub_type": "ABILITY_OWNER"
                                                        }, 
                                                        {
                                                            "arg_type": 100301, 
                                                            "args_list": [
                                                                "ATTR_RESULT"
                                                            ], 
                                                            "sub_type": 1
                                                        }, 
                                                        {
                                                            "arg_type": 100042, 
                                                            "args_list": [
                                                                "attack_mag"
                                                            ], 
                                                            "sub_type": 1
                                                        }
                                                    ], 
                                                    "sub_type": "GET_UNIT_ATTR"
                                                }
                                            ], 
                                            "sub_type": "ARITHMETIC_OPERATION"
                                        }
                                    ], 
                                    "bp": false, 
                                    "element_id": 11452948490005, 
                                    "enable": true
                                }, 
                                {
                                    "action_type": "SET_ENTITY_KV", 
                                    "args_list": [
                                        {
                                            "arg_type": 100006, 
                                            "args_list": [], 
                                            "sub_type": "ABILITY_OWNER"
                                        }, 
                                        {
                                            "arg_type": 100003, 
                                            "args_list": [
                                                "\u5c5e\u6027\u8f6c\u5316"
                                            ], 
                                            "sub_type": 1
                                        }, 
                                        {
                                            "arg_type": 100001, 
                                            "args_list": [
                                                true
                                            ], 
                                            "sub_type": 1
                                        }
                                    ], 
                                    "bp": false, 
                                    "element_id": 11452948490033, 
                                    "enable": true
                                }, 
                                {
                                    "action_type": "ADD_ATTR", 
                                    "args_list": [
                                        {
                                            "arg_type": 100006, 
                                            "args_list": [], 
                                            "sub_type": "ABILITY_OWNER"
                                        }, 
                                        {
                                            "arg_type": 100300, 
                                            "args_list": [
                                                "ATTR_BONUS"
                                            ], 
                                            "sub_type": 1
                                        }, 
                                        {
                                            "arg_type": 100042, 
                                            "args_list": [
                                                "attack_mag"
                                            ], 
                                            "sub_type": 1
                                        }, 
                                        {
                                            "arg_type": 100000, 
                                            "args_list": [
                                                [
                                                    "FLOAT", 
                                                    "\u8f6c\u5316\u7684\u6cd5\u5f3a", 
                                                    "actor"
                                                ], 
                                                null
                                            ], 
                                            "sub_type": 2
                                        }
                                    ], 
                                    "bp": false, 
                                    "element_id": 11452948490023, 
                                    "enable": true
                                }, 
                                {
                                    "action_type": "SET_ENTITY_KV", 
                                    "args_list": [
                                        {
                                            "arg_type": 100006, 
                                            "args_list": [], 
                                            "sub_type": "ABILITY_OWNER"
                                        }, 
                                        {
                                            "arg_type": 100003, 
                                            "args_list": [
                                                "\u5c5e\u6027\u8f6c\u5316"
                                            ], 
                                            "sub_type": 1
                                        }, 
                                        {
                                            "arg_type": 100001, 
                                            "args_list": [
                                                true
                                            ], 
                                            "sub_type": 1
                                        }
                                    ], 
                                    "bp": false, 
                                    "element_id": 11452948490062, 
                                    "enable": true
                                }, 
                                {
                                    "action_type": "ADD_ATTR", 
                                    "args_list": [
                                        {
                                            "arg_type": 100006, 
                                            "args_list": [], 
                                            "sub_type": "ABILITY_OWNER"
                                        }, 
                                        {
                                            "arg_type": 100300, 
                                            "args_list": [
                                                "ATTR_BONUS"
                                            ], 
                                            "sub_type": 1
                                        }, 
                                        {
                                            "arg_type": 100042, 
                                            "args_list": [
                                                "attack_phy"
                                            ], 
                                            "sub_type": 1
                                        }, 
                                        {
                                            "arg_type": 100000, 
                                            "args_list": [
                                                [
                                                    "FLOAT", 
                                                    "\u8f6c\u5316\u7684\u653b\u51fb", 
                                                    "actor"
                                                ], 
                                                null
                                            ], 
                                            "sub_type": 2
                                        }
                                    ], 
                                    "bp": false, 
                                    "element_id": 11452948490067, 
                                    "enable": true
                                }
                            ], 
                            "sub_type": 1
                        }
                    ], 
                    "bp": false, 
                    "element_id": 11452948490072, 
                    "enable": true, 
                    "local_var": [
                        {}, 
                        {}
                    ]
                }
            ], 
            "call_enabled": true, 
            "condition": [], 
            "enabled": true, 
            "event": [
                {
                    "args_list": [], 
                    "element_id": 11452948490001, 
                    "enable": true, 
                    "event_type": "ABILITY_OBTAIN"
                }
            ], 
            "group_id": 134275430, 
            "p_trigger_id": null, 
            "trigger_id": 1145294849, 
            "trigger_name": "\u65b0\u5efa\u89e6\u53d1\u5668", 
            "valid": true
        }, 
        "1266298888": {
            "action": [
                {
                    "action_type": "IF_THEN_ELSE", 
                    "args_list": [
                        {
                            "arg_type": 100021, 
                            "args_list": [
                                {
                                    "args_list": [
                                        {
                                            "arg_type": 100001, 
                                            "args_list": [
                                                {
                                                    "arg_type": 100006, 
                                                    "args_list": [], 
                                                    "sub_type": "ABILITY_OWNER"
                                                }, 
                                                {
                                                    "arg_type": 100003, 
                                                    "args_list": [
                                                        "\u5c5e\u6027\u8f6c\u5316"
                                                    ], 
                                                    "sub_type": 1
                                                }
                                            ], 
                                            "sub_type": "GET_BOOLEAN_KV"
                                        }, 
                                        {
                                            "arg_type": 100035, 
                                            "args_list": [
                                                "=="
                                            ], 
                                            "sub_type": 1
                                        }, 
                                        {
                                            "arg_type": 100001, 
                                            "args_list": [
                                                true
                                            ], 
                                            "sub_type": 1
                                        }
                                    ], 
                                    "condition_type": "BOOL_COMPARE", 
                                    "element_id": 12662988880002, 
                                    "enable": true
                                }
                            ], 
                            "sub_type": 1
                        }, 
                        {
                            "arg_type": 100022, 
                            "args_list": [
                                {
                                    "action_type": "SET_ENTITY_KV", 
                                    "args_list": [
                                        {
                                            "arg_type": 100006, 
                                            "args_list": [], 
                                            "sub_type": "ABILITY_OWNER"
                                        }, 
                                        {
                                            "arg_type": 100003, 
                                            "args_list": [
                                                "\u5c5e\u6027\u8f6c\u5316"
                                            ], 
                                            "sub_type": 1
                                        }, 
                                        {
                                            "arg_type": 100001, 
                                            "args_list": [
                                                false
                                            ], 
                                            "sub_type": 1
                                        }
                                    ], 
                                    "bp": false, 
                                    "element_id": 12662988880003, 
                                    "enable": true
                                }
                            ], 
                            "sub_type": 1
                        }, 
                        {
                            "arg_type": 100022, 
                            "args_list": [
                                {
                                    "action_type": "SET_VARIABLE", 
                                    "args_list": [
                                        {
                                            "arg_type": 100030, 
                                            "args_list": [
                                                [
                                                    "FLOAT", 
                                                    "\u7f13\u5b58\u503c", 
                                                    "local"
                                                ]
                                            ], 
                                            "sub_type": 1
                                        }, 
                                        {
                                            "arg_type": 100000, 
                                            "args_list": [
                                                {
                                                    "arg_type": 100000, 
                                                    "args_list": [
                                                        {
                                                            "arg_type": 100000, 
                                                            "args_list": [
                                                                {
                                                                    "arg_type": 100000, 
                                                                    "args_list": [
                                                                        {
                                                                            "arg_type": 100014, 
                                                                            "args_list": [], 
                                                                            "sub_type": "CUR_ABILITY"
                                                                        }, 
                                                                        {
                                                                            "arg_type": 100003, 
                                                                            "args_list": [
                                                                                "\u6cd5\u8f6c\u653b"
                                                                            ], 
                                                                            "sub_type": 1
                                                                        }
                                                                    ], 
                                                                    "sub_type": "GET_FLOAT_KV"
                                                                }, 
                                                                {
                                                                    "arg_type": 100017, 
                                                                    "args_list": [
                                                                        "/"
                                                                    ], 
                                                                    "sub_type": 1
                                                                }, 
                                                                {
                                                                    "arg_type": 100000, 
                                                                    "args_list": [
                                                                        100.0
                                                                    ], 
                                                                    "sub_type": 1
                                                                }
                                                            ], 
                                                            "sub_type": "ARITHMETIC_OPERATION"
                                                        }, 
                                                        {
                                                            "arg_type": 100017, 
                                                            "args_list": [
                                                                "*"
                                                            ], 
                                                            "sub_type": 1
                                                        }, 
                                                        {
                                                            "arg_type": 100000, 
                                                            "args_list": [
                                                                {
                                                                    "arg_type": 100000, 
                                                                    "args_list": [
                                                                        {
                                                                            "arg_type": 100006, 
                                                                            "args_list": [], 
                                                                            "sub_type": "ABILITY_OWNER"
                                                                        }, 
                                                                        {
                                                                            "arg_type": 100301, 
                                                                            "args_list": [
                                                                                "ATTR_RESULT"
                                                                            ], 
                                                                            "sub_type": 1
                                                                        }, 
                                                                        {
                                                                            "arg_type": 100042, 
                                                                            "args_list": [
                                                                                "attack_mag"
                                                                            ], 
                                                                            "sub_type": 1
                                                                        }
                                                                    ], 
                                                                    "sub_type": "GET_UNIT_ATTR"
                                                                }, 
                                                                {
                                                                    "arg_type": 100017, 
                                                                    "args_list": [
                                                                        "-"
                                                                    ], 
                                                                    "sub_type": 1
                                                                }, 
                                                                {
                                                                    "arg_type": 100000, 
                                                                    "args_list": [
                                                                        [
                                                                            "FLOAT", 
                                                                            "\u8f6c\u5316\u7684\u6cd5\u5f3a", 
                                                                            "actor"
                                                                        ], 
                                                                        null
                                                                    ], 
                                                                    "sub_type": 2
                                                                }
                                                            ], 
                                                            "sub_type": "ARITHMETIC_OPERATION"
                                                        }
                                                    ], 
                                                    "sub_type": "ARITHMETIC_OPERATION"
                                                }, 
                                                {
                                                    "arg_type": 100017, 
                                                    "args_list": [
                                                        "-"
                                                    ], 
                                                    "sub_type": 1
                                                }, 
                                                {
                                                    "arg_type": 100000, 
                                                    "args_list": [
                                                        [
                                                            "FLOAT", 
                                                            "\u8f6c\u5316\u7684\u653b\u51fb", 
                                                            "actor"
                                                        ], 
                                                        null
                                                    ], 
                                                    "sub_type": 2
                                                }
                                            ], 
                                            "sub_type": "ARITHMETIC_OPERATION"
                                        }
                                    ], 
                                    "bp": false, 
                                    "element_id": 12662988880004, 
                                    "enable": true
                                }, 
                                {
                                    "action_type": "SET_VARIABLE", 
                                    "args_list": [
                                        {
                                            "arg_type": 100030, 
                                            "args_list": [
                                                [
                                                    "FLOAT", 
                                                    "\u8f6c\u5316\u7684\u653b\u51fb", 
                                                    "actor"
                                                ]
                                            ], 
                                            "sub_type": 1
                                        }, 
                                        {
                                            "arg_type": 100000, 
                                            "args_list": [
                                                {
                                                    "arg_type": 100000, 
                                                    "args_list": [
                                                        {
                                                            "arg_type": 100000, 
                                                            "args_list": [
                                                                {
                                                                    "arg_type": 100014, 
                                                                    "args_list": [], 
                                                                    "sub_type": "CUR_ABILITY"
                                                                }, 
                                                                {
                                                                    "arg_type": 100003, 
                                                                    "args_list": [
                                                                        "\u6cd5\u8f6c\u653b"
                                                                    ], 
                                                                    "sub_type": 1
                                                                }
                                                            ], 
                                                            "sub_type": "GET_FLOAT_KV"
                                                        }, 
                                                        {
                                                            "arg_type": 100017, 
                                                            "args_list": [
                                                                "/"
                                                            ], 
                                                            "sub_type": 1
                                                        }, 
                                                        {
                                                            "arg_type": 100000, 
                                                            "args_list": [
                                                                100.0
                                                            ], 
                                                            "sub_type": 1
                                                        }
                                                    ], 
                                                    "sub_type": "ARITHMETIC_OPERATION"
                                                }, 
                                                {
                                                    "arg_type": 100017, 
                                                    "args_list": [
                                                        "*"
                                                    ], 
                                                    "sub_type": 1
                                                }, 
                                                {
                                                    "arg_type": 100000, 
                                                    "args_list": [
                                                        {
                                                            "arg_type": 100000, 
                                                            "args_list": [
                                                                {
                                                                    "arg_type": 100006, 
                                                                    "args_list": [], 
                                                                    "sub_type": "ABILITY_OWNER"
                                                                }, 
                                                                {
                                                                    "arg_type": 100301, 
                                                                    "args_list": [
                                                                        "ATTR_RESULT"
                                                                    ], 
                                                                    "sub_type": 1
                                                                }, 
                                                                {
                                                                    "arg_type": 100042, 
                                                                    "args_list": [
                                                                        "attack_mag"
                                                                    ], 
                                                                    "sub_type": 1
                                                                }
                                                            ], 
                                                            "sub_type": "GET_UNIT_ATTR"
                                                        }, 
                                                        {
                                                            "arg_type": 100017, 
                                                            "args_list": [
                                                                "-"
                                                            ], 
                                                            "sub_type": 1
                                                        }, 
                                                        {
                                                            "arg_type": 100000, 
                                                            "args_list": [
                                                                [
                                                                    "FLOAT", 
                                                                    "\u8f6c\u5316\u7684\u6cd5\u5f3a", 
                                                                    "actor"
                                                                ], 
                                                                null
                                                            ], 
                                                            "sub_type": 2
                                                        }
                                                    ], 
                                                    "sub_type": "ARITHMETIC_OPERATION"
                                                }
                                            ], 
                                            "sub_type": "ARITHMETIC_OPERATION"
                                        }
                                    ], 
                                    "bp": false, 
                                    "element_id": 12662988880005, 
                                    "enable": true
                                }, 
                                {
                                    "action_type": "SET_ENTITY_KV", 
                                    "args_list": [
                                        {
                                            "arg_type": 100006, 
                                            "args_list": [], 
                                            "sub_type": "ABILITY_OWNER"
                                        }, 
                                        {
                                            "arg_type": 100003, 
                                            "args_list": [
                                                "\u5c5e\u6027\u8f6c\u5316"
                                            ], 
                                            "sub_type": 1
                                        }, 
                                        {
                                            "arg_type": 100001, 
                                            "args_list": [
                                                true
                                            ], 
                                            "sub_type": 1
                                        }
                                    ], 
                                    "bp": false, 
                                    "element_id": 12662988880006, 
                                    "enable": true
                                }, 
                                {
                                    "action_type": "ADD_ATTR", 
                                    "args_list": [
                                        {
                                            "arg_type": 100006, 
                                            "args_list": [], 
                                            "sub_type": "ABILITY_OWNER"
                                        }, 
                                        {
                                            "arg_type": 100300, 
                                            "args_list": [
                                                "ATTR_BONUS"
                                            ], 
                                            "sub_type": 1
                                        }, 
                                        {
                                            "arg_type": 100042, 
                                            "args_list": [
                                                "attack_phy"
                                            ], 
                                            "sub_type": 1
                                        }, 
                                        {
                                            "arg_type": 100000, 
                                            "args_list": [
                                                [
                                                    "FLOAT", 
                                                    "\u7f13\u5b58\u503c", 
                                                    "local"
                                                ], 
                                                null
                                            ], 
                                            "sub_type": 2
                                        }
                                    ], 
                                    "bp": false, 
                                    "element_id": 12662988880007, 
                                    "enable": true
                                }, 
                                {
                                    "action_type": "PRINT_MESSAGE_ACTION_TO_DIALOG", 
                                    "args_list": [
                                        {
                                            "arg_type": 100175, 
                                            "args_list": [
                                                3
                                            ], 
                                            "sub_type": 1
                                        }, 
                                        {
                                            "arg_type": 100003, 
                                            "args_list": [
                                                {
                                                    "arg_type": 100003, 
                                                    "args_list": [
                                                        "\u8f6c\u5316\u7269\u7406\u653b\u51fb\uff1a"
                                                    ], 
                                                    "sub_type": 1
                                                }, 
                                                {
                                                    "arg_type": 100003, 
                                                    "args_list": [
                                                        {
                                                            "arg_type": 100000, 
                                                            "args_list": [
                                                                [
                                                                    "FLOAT", 
                                                                    "\u8f6c\u5316\u7684\u653b\u51fb", 
                                                                    "actor"
                                                                ], 
                                                                null
                                                            ], 
                                                            "sub_type": 2
                                                        }
                                                    ], 
                                                    "sub_type": "ANY_VAR_TO_STR"
                                                }
                                            ], 
                                            "op_arg": [
                                                null, 
                                                null, 
                                                null, 
                                                null, 
                                                null, 
                                                null, 
                                                null, 
                                                null
                                            ], 
                                            "op_arg_enable": [
                                                false, 
                                                false, 
                                                false, 
                                                false, 
                                                false, 
                                                false, 
                                                false, 
                                                false
                                            ], 
                                            "sub_type": "STR_JOIN"
                                        }
                                    ], 
                                    "bp": false, 
                                    "element_id": 12662988880008, 
                                    "enable": false
                                }
                            ], 
                            "sub_type": 1
                        }
                    ], 
                    "bp": false, 
                    "element_id": 12662988880009, 
                    "enable": true, 
                    "fake_op": [
                        2
                    ]
                }
            ], 
            "call_enabled": true, 
            "condition": [], 
            "enabled": false, 
            "event": [
                {
                    "args_list": [
                        {
                            "arg_type": 100006, 
                            "args_list": [], 
                            "sub_type": "ABILITY_OWNER"
                        }, 
                        {
                            "arg_type": 100041, 
                            "args_list": [
                                "attack_mag"
                            ], 
                            "sub_type": 1
                        }
                    ], 
                    "element_id": 12662988880001, 
                    "enable": true, 
                    "event_type": "UNIT_ATTR_EVENT"
                }
            ], 
            "group_id": 0, 
            "is_conf": true, 
            "p_trigger_id": 1145294849, 
            "sub_trigger_owner_set_var_action": {
                "action_type": "SET_VARIABLE", 
                "args_list": [
                    {
                        "arg_type": 100178, 
                        "args_list": [
                            [
                                "DYNAMIC_TRIGGER_INSTANCE", 
                                "t2", 
                                "actor"
                            ], 
                            null
                        ], 
                        "sub_type": "VARIABLE"
                    }, 
                    {
                        "arg_type": 100178, 
                        "args_list": [
                            {
                                "arg_type": 100068, 
                                "args_list": [
                                    1266298888
                                ], 
                                "sub_type": 1
                            }
                        ], 
                        "sub_type": "REG_ABILITY_TRIGGER"
                    }
                ], 
                "bp": false, 
                "element_id": 1145294849490074, 
                "enable": true
            }, 
            "trigger_id": 1266298888, 
            "trigger_name": "\u5b50\u89e6\u53d1\u5668_2", 
            "valid": true
        }, 
        "1332191237": {
            "action": [
                {
                    "action_type": "UNREG_TRIGGER", 
                    "args_list": [
                        {
                            "arg_type": 100178, 
                            "args_list": [
                                [
                                    "DYNAMIC_TRIGGER_INSTANCE", 
                                    "t1", 
                                    "actor"
                                ], 
                                null
                            ], 
                            "sub_type": "VARIABLE"
                        }
                    ], 
                    "bp": false, 
                    "element_id": 13321912370005, 
                    "enable": true
                }, 
                {
                    "action_type": "UNREG_TRIGGER", 
                    "args_list": [
                        {
                            "arg_type": 100178, 
                            "args_list": [
                                [
                                    "DYNAMIC_TRIGGER_INSTANCE", 
                                    "t2", 
                                    "actor"
                                ], 
                                null
                            ], 
                            "sub_type": "VARIABLE"
                        }
                    ], 
                    "bp": false, 
                    "element_id": 13321912370007, 
                    "enable": true
                }, 
                {
                    "action_type": "ADD_ATTR", 
                    "args_list": [
                        {
                            "arg_type": 100006, 
                            "args_list": [], 
                            "sub_type": "ABILITY_OWNER"
                        }, 
                        {
                            "arg_type": 100300, 
                            "args_list": [
                                "ATTR_BONUS"
                            ], 
                            "sub_type": 1
                        }, 
                        {
                            "arg_type": 100042, 
                            "args_list": [
                                "attack_phy"
                            ], 
                            "sub_type": 1
                        }, 
                        {
                            "arg_type": 100000, 
                            "args_list": [
                                {
                                    "arg_type": 100000, 
                                    "args_list": [
                                        -1.0
                                    ], 
                                    "sub_type": 1
                                }, 
                                {
                                    "arg_type": 100017, 
                                    "args_list": [
                                        "*"
                                    ], 
                                    "sub_type": 1
                                }, 
                                {
                                    "arg_type": 100000, 
                                    "args_list": [
                                        [
                                            "FLOAT", 
                                            "\u8f6c\u5316\u7684\u653b\u51fb", 
                                            "actor"
                                        ], 
                                        null
                                    ], 
                                    "sub_type": 2
                                }
                            ], 
                            "sub_type": "ARITHMETIC_OPERATION"
                        }
                    ], 
                    "bp": false, 
                    "element_id": 21044510750006, 
                    "enable": true
                }, 
                {
                    "action_type": "ADD_ATTR", 
                    "args_list": [
                        {
                            "arg_type": 100006, 
                            "args_list": [], 
                            "sub_type": "ABILITY_OWNER"
                        }, 
                        {
                            "arg_type": 100300, 
                            "args_list": [
                                "ATTR_BONUS"
                            ], 
                            "sub_type": 1
                        }, 
                        {
                            "arg_type": 100042, 
                            "args_list": [
                                "attack_mag"
                            ], 
                            "sub_type": 1
                        }, 
                        {
                            "arg_type": 100000, 
                            "args_list": [
                                {
                                    "arg_type": 100000, 
                                    "args_list": [
                                        -1.0
                                    ], 
                                    "sub_type": 1
                                }, 
                                {
                                    "arg_type": 100017, 
                                    "args_list": [
                                        "*"
                                    ], 
                                    "sub_type": 1
                                }, 
                                {
                                    "arg_type": 100000, 
                                    "args_list": [
                                        [
                                            "FLOAT", 
                                            "\u8f6c\u5316\u7684\u6cd5\u5f3a", 
                                            "actor"
                                        ], 
                                        null
                                    ], 
                                    "sub_type": 2
                                }
                            ], 
                            "sub_type": "ARITHMETIC_OPERATION"
                        }
                    ], 
                    "bp": false, 
                    "element_id": 7594475540006, 
                    "enable": true
                }
            ], 
            "call_enabled": true, 
            "condition": [], 
            "enabled": true, 
            "event": [
                {
                    "args_list": [], 
                    "element_id": 13321912370002, 
                    "enable": true, 
                    "event_type": "ABILITY_LOSE"
                }
            ], 
            "group_id": 134275430, 
            "p_trigger_id": null, 
            "trigger_id": 1332191237, 
            "trigger_name": "\u65b0\u5efa\u89e6\u53d1\u5668_2", 
            "valid": true
        }, 
        "1618608135": {
            "action": [
                {
                    "action_type": "IF_THEN_ELSE", 
                    "args_list": [
                        {
                            "arg_type": 100021, 
                            "args_list": [
                                {
                                    "args_list": [
                                        {
                                            "arg_type": 100001, 
                                            "args_list": [
                                                {
                                                    "arg_type": 100006, 
                                                    "args_list": [], 
                                                    "sub_type": "ABILITY_OWNER"
                                                }, 
                                                {
                                                    "arg_type": 100003, 
                                                    "args_list": [
                                                        "\u5c5e\u6027\u8f6c\u5316"
                                                    ], 
                                                    "sub_type": 1
                                                }
                                            ], 
                                            "sub_type": "GET_BOOLEAN_KV"
                                        }, 
                                        {
                                            "arg_type": 100035, 
                                            "args_list": [
                                                "=="
                                            ], 
                                            "sub_type": 1
                                        }, 
                                        {
                                            "arg_type": 100001, 
                                            "args_list": [
                                                true
                                            ], 
                                            "sub_type": 1
                                        }
                                    ], 
                                    "condition_type": "BOOL_COMPARE", 
                                    "element_id": 16186081350002, 
                                    "enable": true
                                }
                            ], 
                            "sub_type": 1
                        }, 
                        {
                            "arg_type": 100022, 
                            "args_list": [
                                {
                                    "action_type": "SET_ENTITY_KV", 
                                    "args_list": [
                                        {
                                            "arg_type": 100006, 
                                            "args_list": [], 
                                            "sub_type": "ABILITY_OWNER"
                                        }, 
                                        {
                                            "arg_type": 100003, 
                                            "args_list": [
                                                "\u5c5e\u6027\u8f6c\u5316"
                                            ], 
                                            "sub_type": 1
                                        }, 
                                        {
                                            "arg_type": 100001, 
                                            "args_list": [
                                                false
                                            ], 
                                            "sub_type": 1
                                        }
                                    ], 
                                    "bp": false, 
                                    "element_id": 16186081350003, 
                                    "enable": true
                                }
                            ], 
                            "sub_type": 1
                        }, 
                        {
                            "arg_type": 100022, 
                            "args_list": [
                                {
                                    "action_type": "SET_VARIABLE", 
                                    "args_list": [
                                        {
                                            "arg_type": 100030, 
                                            "args_list": [
                                                [
                                                    "FLOAT", 
                                                    "\u7f13\u5b58\u503c", 
                                                    "local"
                                                ]
                                            ], 
                                            "sub_type": 1
                                        }, 
                                        {
                                            "arg_type": 100000, 
                                            "args_list": [
                                                {
                                                    "arg_type": 100000, 
                                                    "args_list": [
                                                        {
                                                            "arg_type": 100000, 
                                                            "args_list": [
                                                                {
                                                                    "arg_type": 100000, 
                                                                    "args_list": [
                                                                        {
                                                                            "arg_type": 100014, 
                                                                            "args_list": [], 
                                                                            "sub_type": "CUR_ABILITY"
                                                                        }, 
                                                                        {
                                                                            "arg_type": 100003, 
                                                                            "args_list": [
                                                                                "\u653b\u8f6c\u6cd5"
                                                                            ], 
                                                                            "sub_type": 1
                                                                        }
                                                                    ], 
                                                                    "sub_type": "GET_FLOAT_KV"
                                                                }, 
                                                                {
                                                                    "arg_type": 100017, 
                                                                    "args_list": [
                                                                        "/"
                                                                    ], 
                                                                    "sub_type": 1
                                                                }, 
                                                                {
                                                                    "arg_type": 100000, 
                                                                    "args_list": [
                                                                        100.0
                                                                    ], 
                                                                    "sub_type": 1
                                                                }
                                                            ], 
                                                            "sub_type": "ARITHMETIC_OPERATION"
                                                        }, 
                                                        {
                                                            "arg_type": 100017, 
                                                            "args_list": [
                                                                "*"
                                                            ], 
                                                            "sub_type": 1
                                                        }, 
                                                        {
                                                            "arg_type": 100000, 
                                                            "args_list": [
                                                                {
                                                                    "arg_type": 100000, 
                                                                    "args_list": [
                                                                        {
                                                                            "arg_type": 100006, 
                                                                            "args_list": [], 
                                                                            "sub_type": "ABILITY_OWNER"
                                                                        }, 
                                                                        {
                                                                            "arg_type": 100301, 
                                                                            "args_list": [
                                                                                "ATTR_OTHER"
                                                                            ], 
                                                                            "sub_type": 1
                                                                        }, 
                                                                        {
                                                                            "arg_type": 100042, 
                                                                            "args_list": [
                                                                                "attack_phy"
                                                                            ], 
                                                                            "sub_type": 1
                                                                        }
                                                                    ], 
                                                                    "sub_type": "GET_UNIT_ATTR"
                                                                }, 
                                                                {
                                                                    "arg_type": 100017, 
                                                                    "args_list": [
                                                                        "-"
                                                                    ], 
                                                                    "sub_type": 1
                                                                }, 
                                                                {
                                                                    "arg_type": 100000, 
                                                                    "args_list": [
                                                                        [
                                                                            "FLOAT", 
                                                                            "\u8f6c\u5316\u7684\u653b\u51fb", 
                                                                            "actor"
                                                                        ], 
                                                                        null
                                                                    ], 
                                                                    "sub_type": 2
                                                                }
                                                            ], 
                                                            "sub_type": "ARITHMETIC_OPERATION"
                                                        }
                                                    ], 
                                                    "sub_type": "ARITHMETIC_OPERATION"
                                                }, 
                                                {
                                                    "arg_type": 100017, 
                                                    "args_list": [
                                                        "-"
                                                    ], 
                                                    "sub_type": 1
                                                }, 
                                                {
                                                    "arg_type": 100000, 
                                                    "args_list": [
                                                        [
                                                            "FLOAT", 
                                                            "\u8f6c\u5316\u7684\u6cd5\u5f3a", 
                                                            "actor"
                                                        ], 
                                                        null
                                                    ], 
                                                    "sub_type": 2
                                                }
                                            ], 
                                            "sub_type": "ARITHMETIC_OPERATION"
                                        }
                                    ], 
                                    "bp": false, 
                                    "element_id": 16186081350005, 
                                    "enable": true
                                }, 
                                {
                                    "action_type": "SET_VARIABLE", 
                                    "args_list": [
                                        {
                                            "arg_type": 100030, 
                                            "args_list": [
                                                [
                                                    "FLOAT", 
                                                    "\u8f6c\u5316\u7684\u6cd5\u5f3a", 
                                                    "actor"
                                                ]
                                            ], 
                                            "sub_type": 1
                                        }, 
                                        {
                                            "arg_type": 100000, 
                                            "args_list": [
                                                {
                                                    "arg_type": 100000, 
                                                    "args_list": [
                                                        {
                                                            "arg_type": 100000, 
                                                            "args_list": [
                                                                {
                                                                    "arg_type": 100014, 
                                                                    "args_list": [], 
                                                                    "sub_type": "CUR_ABILITY"
                                                                }, 
                                                                {
                                                                    "arg_type": 100003, 
                                                                    "args_list": [
                                                                        "\u653b\u8f6c\u6cd5"
                                                                    ], 
                                                                    "sub_type": 1
                                                                }
                                                            ], 
                                                            "sub_type": "GET_FLOAT_KV"
                                                        }, 
                                                        {
                                                            "arg_type": 100017, 
                                                            "args_list": [
                                                                "/"
                                                            ], 
                                                            "sub_type": 1
                                                        }, 
                                                        {
                                                            "arg_type": 100000, 
                                                            "args_list": [
                                                                100.0
                                                            ], 
                                                            "sub_type": 1
                                                        }
                                                    ], 
                                                    "sub_type": "ARITHMETIC_OPERATION"
                                                }, 
                                                {
                                                    "arg_type": 100017, 
                                                    "args_list": [
                                                        "*"
                                                    ], 
                                                    "sub_type": 1
                                                }, 
                                                {
                                                    "arg_type": 100000, 
                                                    "args_list": [
                                                        {
                                                            "arg_type": 100000, 
                                                            "args_list": [
                                                                {
                                                                    "arg_type": 100006, 
                                                                    "args_list": [], 
                                                                    "sub_type": "ABILITY_OWNER"
                                                                }, 
                                                                {
                                                                    "arg_type": 100301, 
                                                                    "args_list": [
                                                                        "ATTR_OTHER"
                                                                    ], 
                                                                    "sub_type": 1
                                                                }, 
                                                                {
                                                                    "arg_type": 100042, 
                                                                    "args_list": [
                                                                        "attack_phy"
                                                                    ], 
                                                                    "sub_type": 1
                                                                }
                                                            ], 
                                                            "sub_type": "GET_UNIT_ATTR"
                                                        }, 
                                                        {
                                                            "arg_type": 100017, 
                                                            "args_list": [
                                                                "-"
                                                            ], 
                                                            "sub_type": 1
                                                        }, 
                                                        {
                                                            "arg_type": 100000, 
                                                            "args_list": [
                                                                [
                                                                    "FLOAT", 
                                                                    "\u8f6c\u5316\u7684\u653b\u51fb", 
                                                                    "actor"
                                                                ], 
                                                                null
                                                            ], 
                                                            "sub_type": 2
                                                        }
                                                    ], 
                                                    "sub_type": "ARITHMETIC_OPERATION"
                                                }
                                            ], 
                                            "sub_type": "ARITHMETIC_OPERATION"
                                        }
                                    ], 
                                    "bp": false, 
                                    "element_id": 16186081350004, 
                                    "enable": true
                                }, 
                                {
                                    "action_type": "SET_ENTITY_KV", 
                                    "args_list": [
                                        {
                                            "arg_type": 100006, 
                                            "args_list": [], 
                                            "sub_type": "ABILITY_OWNER"
                                        }, 
                                        {
                                            "arg_type": 100003, 
                                            "args_list": [
                                                "\u5c5e\u6027\u8f6c\u5316"
                                            ], 
                                            "sub_type": 1
                                        }, 
                                        {
                                            "arg_type": 100001, 
                                            "args_list": [
                                                true
                                            ], 
                                            "sub_type": 1
                                        }
                                    ], 
                                    "bp": false, 
                                    "element_id": 16186081350006, 
                                    "enable": true
                                }, 
                                {
                                    "action_type": "ADD_ATTR", 
                                    "args_list": [
                                        {
                                            "arg_type": 100006, 
                                            "args_list": [], 
                                            "sub_type": "ABILITY_OWNER"
                                        }, 
                                        {
                                            "arg_type": 100300, 
                                            "args_list": [
                                                "ATTR_BONUS"
                                            ], 
                                            "sub_type": 1
                                        }, 
                                        {
                                            "arg_type": 100042, 
                                            "args_list": [
                                                "attack_mag"
                                            ], 
                                            "sub_type": 1
                                        }, 
                                        {
                                            "arg_type": 100000, 
                                            "args_list": [
                                                [
                                                    "FLOAT", 
                                                    "\u7f13\u5b58\u503c", 
                                                    "local"
                                                ], 
                                                null
                                            ], 
                                            "sub_type": 2
                                        }
                                    ], 
                                    "bp": false, 
                                    "element_id": 16186081350007, 
                                    "enable": true
                                }, 
                                {
                                    "action_type": "PRINT_MESSAGE_ACTION_TO_DIALOG", 
                                    "args_list": [
                                        {
                                            "arg_type": 100175, 
                                            "args_list": [
                                                3
                                            ], 
                                            "sub_type": 1
                                        }, 
                                        {
                                            "arg_type": 100003, 
                                            "args_list": [
                                                {
                                                    "arg_type": 100003, 
                                                    "args_list": [
                                                        "\u8f6c\u5316\u6cd5\u672f\u653b\u51fb\uff1a"
                                                    ], 
                                                    "sub_type": 1
                                                }, 
                                                {
                                                    "arg_type": 100003, 
                                                    "args_list": [
                                                        {
                                                            "arg_type": 100000, 
                                                            "args_list": [
                                                                [
                                                                    "FLOAT", 
                                                                    "\u8f6c\u5316\u7684\u6cd5\u5f3a", 
                                                                    "actor"
                                                                ], 
                                                                null
                                                            ], 
                                                            "sub_type": 2
                                                        }
                                                    ], 
                                                    "sub_type": "ANY_VAR_TO_STR"
                                                }
                                            ], 
                                            "op_arg": [
                                                null, 
                                                null, 
                                                null, 
                                                null, 
                                                null, 
                                                null, 
                                                null, 
                                                null
                                            ], 
                                            "op_arg_enable": [
                                                false, 
                                                false, 
                                                false, 
                                                false, 
                                                false, 
                                                false, 
                                                false, 
                                                false
                                            ], 
                                            "sub_type": "STR_JOIN"
                                        }
                                    ], 
                                    "bp": false, 
                                    "element_id": 16186081350008, 
                                    "enable": false
                                }
                            ], 
                            "sub_type": 1
                        }
                    ], 
                    "bp": false, 
                    "element_id": 16186081350009, 
                    "enable": true, 
                    "fake_op": [
                        2
                    ]
                }
            ], 
            "call_enabled": true, 
            "condition": [], 
            "enabled": false, 
            "event": [
                {
                    "args_list": [
                        {
                            "arg_type": 100006, 
                            "args_list": [], 
                            "sub_type": "ABILITY_OWNER"
                        }, 
                        {
                            "arg_type": 100041, 
                            "args_list": [
                                "attack_phy"
                            ], 
                            "sub_type": 1
                        }
                    ], 
                    "element_id": 16186081350001, 
                    "enable": true, 
                    "event_type": "UNIT_ATTR_EVENT"
                }
            ], 
            "group_id": 0, 
            "is_conf": true, 
            "p_trigger_id": 1145294849, 
            "sub_trigger_owner_set_var_action": {
                "action_type": "SET_VARIABLE", 
                "args_list": [
                    {
                        "arg_type": 100178, 
                        "args_list": [
                            [
                                "DYNAMIC_TRIGGER_INSTANCE", 
                                "t1", 
                                "actor"
                            ], 
                            null
                        ], 
                        "sub_type": "VARIABLE"
                    }, 
                    {
                        "arg_type": 100178, 
                        "args_list": [
                            {
                                "arg_type": 100068, 
                                "args_list": [
                                    1618608135
                                ], 
                                "sub_type": 1
                            }
                        ], 
                        "sub_type": "REG_ABILITY_TRIGGER"
                    }
                ], 
                "bp": false, 
                "element_id": 1145294849490075, 
                "enable": true
            }, 
            "trigger_id": 1618608135, 
            "trigger_name": "\u5b50\u89e6\u53d1\u5668", 
            "valid": true
        }
    }, 
    "trigger_version": "1.2", 
    "variable_dict": {
        "DYNAMIC_TRIGGER_INSTANCE": {
            "t1": 0, 
            "t2": 0
        }, 
        "FLOAT": {
            "\u8f6c\u5316\u7684\u653b\u51fb": 0.0, 
            "\u8f6c\u5316\u7684\u6cd5\u5f3a": 0.0
        }
    }, 
    "variable_group_info": [
        [
            "\u8f6c\u5316\u7684\u653b\u51fb", 
            "(\u8f6c\u5316\u7684\u653b\u51fb)"
        ], 
        [
            "\u8f6c\u5316\u7684\u6cd5\u5f3a", 
            "(\u8f6c\u5316\u7684\u6cd5\u5f3a)"
        ], 
        [
            "t2", 
            "(t2)"
        ], 
        [
            "t1", 
            "(t1)"
        ]
    ], 
    "variable_length_dict": {
        "t1": 0, 
        "t2": 0, 
        "\u8f6c\u5316\u7684\u653b\u51fb": 0, 
        "\u8f6c\u5316\u7684\u6cd5\u5f3a": 0
    }, 
    "variable_type_dict": {
        "t1": false, 
        "t2": false, 
        "\u8f6c\u5316\u7684\u653b\u51fb": false, 
        "\u8f6c\u5316\u7684\u6cd5\u5f3a": false
    }
}