{
    "local_variable": {
        "132780034": {
            "variable_dict": {
                "ABILITY": {
                    "attack_ability": null
                }, 
                "ANGLE": {
                    "angle": 0.0
                }, 
                "FLOAT": {
                    "damage": 0.0
                }, 
                "MODIFIER_ENTITY": {
                    "buff": 0, 
                    "buff2": 0
                }, 
                "PROJECTILE_ENTITY": {}, 
                "UNIT_ENTITY": {
                    "target": null
                }
            }, 
            "variable_length_dict": {
                "angle": 0, 
                "attack_ability": 0, 
                "buff": 0, 
                "buff2": 0, 
                "damage": 0, 
                "target": 0
            }, 
            "variable_type_dict": {
                "angle": false, 
                "attack_ability": false, 
                "buff": false, 
                "buff2": false, 
                "damage": false, 
                "target": false
            }
        }
    }, 
    "trigger_dict": {
        "132780034": {
            "action": [
                {
                    "action_type": "SET_VARIABLE", 
                    "args_list": [
                        {
                            "arg_type": 100006, 
                            "args_list": [
                                [
                                    "UNIT_ENTITY", 
                                    "target", 
                                    "local"
                                ], 
                                null
                            ], 
                            "sub_type": 11
                        }, 
                        {
                            "arg_type": 100006, 
                            "args_list": [
                                {
                                    "arg_type": 100116, 
                                    "args_list": [
                                        134251627
                                    ], 
                                    "sub_type": 1
                                }, 
                                {
                                    "arg_type": 100004, 
                                    "args_list": [
                                        {
                                            "arg_type": 100004, 
                                            "args_list": [
                                                {
                                                    "arg_type": 100014, 
                                                    "args_list": [], 
                                                    "sub_type": "CUR_ABILITY"
                                                }
                                            ], 
                                            "sub_type": "ABILITY_RELEASE_POSITION"
                                        }, 
                                        {
                                            "arg_type": 100225, 
                                            "args_list": [
                                                {
                                                    "arg_type": 100000, 
                                                    "args_list": [
                                                        [
                                                            "FLOAT", 
                                                            "\u5f53\u524d\u89d2\u5ea6", 
                                                            "actor"
                                                        ]
                                                    ], 
                                                    "sub_type": 2
                                                }
                                            ], 
                                            "sub_type": "GET_ANGLE_BY_FLOAT"
                                        }, 
                                        {
                                            "arg_type": 100000, 
                                            "args_list": [
                                                [
                                                    "FLOAT", 
                                                    "\u504f\u79fb\u8ddd\u79bb", 
                                                    "actor"
                                                ]
                                            ], 
                                            "sub_type": 2
                                        }
                                    ], 
                                    "sub_type": "POINT_OFFSET_VECTOR_POINT"
                                }, 
                                {
                                    "arg_type": 100225, 
                                    "args_list": [
                                        {
                                            "arg_type": 100000, 
                                            "args_list": [
                                                180.0
                                            ], 
                                            "sub_type": 1
                                        }
                                    ], 
                                    "sub_type": "GET_ANGLE_BY_FLOAT"
                                }, 
                                {
                                    "arg_type": 100006, 
                                    "args_list": [], 
                                    "sub_type": "ABILITY_OWNER"
                                }
                            ], 
                            "sub_type": "CREATE_UNIT"
                        }
                    ], 
                    "bp": false, 
                    "element_id": 1327800340063, 
                    "enable": true
                }, 
                {
                    "action_type": "ADD_MODIFIER", 
                    "args_list": [
                        {
                            "arg_type": 100006, 
                            "args_list": [
                                [
                                    "UNIT_ENTITY", 
                                    "target", 
                                    "local"
                                ], 
                                null
                            ], 
                            "sub_type": 11
                        }, 
                        {
                            "arg_type": 100046, 
                            "args_list": [
                                134263995
                            ], 
                            "sub_type": 1
                        }
                    ], 
                    "bp": false, 
                    "element_id": 1327800340133, 
                    "enable": true, 
                    "op_arg": [
                        {
                            "arg_type": 100006, 
                            "args_list": [], 
                            "sub_type": "ABILITY_OWNER"
                        }, 
                        {
                            "arg_type": 100014, 
                            "args_list": [], 
                            "sub_type": "CUR_ABILITY"
                        }, 
                        {
                            "arg_type": 100000, 
                            "args_list": [
                                3.0
                            ], 
                            "sub_type": 1
                        }, 
                        null, 
                        null
                    ], 
                    "op_arg_enable": [
                        true, 
                        true, 
                        false, 
                        false, 
                        false
                    ]
                }, 
                {
                    "action_type": "SET_VARIABLE", 
                    "args_list": [
                        {
                            "arg_type": 100076, 
                            "args_list": [
                                [
                                    "MODIFIER_ENTITY", 
                                    "buff", 
                                    "local"
                                ], 
                                null
                            ], 
                            "sub_type": 11
                        }, 
                        {
                            "arg_type": 100076, 
                            "args_list": [
                                {
                                    "arg_type": 100006, 
                                    "args_list": [
                                        [
                                            "UNIT_ENTITY", 
                                            "target", 
                                            "local"
                                        ], 
                                        null
                                    ], 
                                    "sub_type": 11
                                }, 
                                {
                                    "arg_type": 100046, 
                                    "args_list": [
                                        134239943
                                    ], 
                                    "sub_type": 1
                                }
                            ], 
                            "op_arg": [
                                {
                                    "arg_type": 100006, 
                                    "args_list": [], 
                                    "sub_type": "ABILITY_OWNER"
                                }, 
                                {
                                    "arg_type": 100014, 
                                    "args_list": [], 
                                    "sub_type": "CUR_ABILITY"
                                }, 
                                {
                                    "arg_type": 100000, 
                                    "args_list": [
                                        3.0
                                    ], 
                                    "sub_type": 1
                                }, 
                                null, 
                                null
                            ], 
                            "op_arg_enable": [
                                true, 
                                true, 
                                false, 
                                false, 
                                false
                            ], 
                            "sub_type": "ADD_MODIFIER"
                        }
                    ], 
                    "bp": false, 
                    "element_id": 1327800340119, 
                    "enable": true
                }, 
                {
                    "action_type": "SET_VARIABLE", 
                    "args_list": [
                        {
                            "arg_type": 100076, 
                            "args_list": [
                                [
                                    "MODIFIER_ENTITY", 
                                    "buff2", 
                                    "local"
                                ], 
                                null
                            ], 
                            "sub_type": 11
                        }, 
                        {
                            "arg_type": 100076, 
                            "args_list": [
                                {
                                    "arg_type": 100006, 
                                    "args_list": [], 
                                    "sub_type": "ABILITY_OWNER"
                                }, 
                                {
                                    "arg_type": 100046, 
                                    "args_list": [
                                        134228356
                                    ], 
                                    "sub_type": 1
                                }
                            ], 
                            "op_arg": [
                                {
                                    "arg_type": 100006, 
                                    "args_list": [], 
                                    "sub_type": "ABILITY_OWNER"
                                }, 
                                {
                                    "arg_type": 100014, 
                                    "args_list": [], 
                                    "sub_type": "CUR_ABILITY"
                                }, 
                                {
                                    "arg_type": 100000, 
                                    "args_list": [
                                        3.0
                                    ], 
                                    "sub_type": 1
                                }, 
                                null, 
                                null
                            ], 
                            "op_arg_enable": [
                                true, 
                                true, 
                                true, 
                                false, 
                                false
                            ], 
                            "sub_type": "ADD_MODIFIER"
                        }
                    ], 
                    "bp": false, 
                    "element_id": 1327800340121, 
                    "enable": true
                }, 
                {
                    "action_type": "CREATE_SFX_ON_UNIT", 
                    "args_list": [
                        {
                            "arg_type": 100066, 
                            "args_list": [
                                102473
                            ], 
                            "sub_type": 1
                        }, 
                        {
                            "arg_type": 100006, 
                            "args_list": [], 
                            "sub_type": "ABILITY_OWNER"
                        }, 
                        {
                            "arg_type": 100003, 
                            "args_list": [
                                "root"
                            ], 
                            "sub_type": 1
                        }, 
                        {
                            "arg_type": 100001, 
                            "args_list": [
                                false
                            ], 
                            "sub_type": 1
                        }, 
                        {
                            "arg_type": 100001, 
                            "args_list": [
                                true
                            ], 
                            "sub_type": 1
                        }
                    ], 
                    "bp": false, 
                    "element_id": 1327800340145, 
                    "enable": true, 
                    "op_arg": [
                        null, 
                        {
                            "arg_type": 100000, 
                            "args_list": [
                                3.0
                            ], 
                            "sub_type": 1
                        }, 
                        null, 
                        null
                    ], 
                    "op_arg_enable": [
                        false, 
                        true, 
                        false, 
                        false
                    ]
                }, 
                {
                    "action_type": "SET_ENTITY_KV", 
                    "args_list": [
                        {
                            "arg_type": 100006, 
                            "args_list": [], 
                            "sub_type": "ABILITY_OWNER"
                        }, 
                        {
                            "arg_type": 100003, 
                            "args_list": [
                                "\u5206\u8eab\u5355\u4f4d\u7ec4"
                            ], 
                            "sub_type": 1
                        }, 
                        {
                            "arg_type": 100006, 
                            "args_list": [
                                [
                                    "UNIT_ENTITY", 
                                    "target", 
                                    "local"
                                ]
                            ], 
                            "sub_type": 11
                        }
                    ], 
                    "bp": false, 
                    "element_id": 132780034340223, 
                    "enable": true
                }
            ], 
            "call_enabled": true, 
            "condition": [], 
            "enabled": true, 
            "event": [
                {
                    "args_list": [], 
                    "element_id": 1327800340002, 
                    "enable": true, 
                    "event_type": "ABILITY_SP_END"
                }
            ], 
            "group_id": 134266361, 
            "p_trigger_id": null, 
            "trigger_id": 132780034, 
            "trigger_name": "\u65b0\u5efa\u89e6\u53d1\u5668_2", 
            "valid": true
        }, 
        "677691395": {
            "action": [
                {
                    "action_type": "ADD_ABILITY_LEVEL", 
                    "args_list": [
                        {
                            "arg_type": 100014, 
                            "args_list": [
                                {
                                    "arg_type": 100006, 
                                    "args_list": [], 
                                    "sub_type": "ABILITY_OWNER"
                                }, 
                                {
                                    "arg_type": 100182, 
                                    "args_list": [
                                        0
                                    ], 
                                    "sub_type": 1
                                }, 
                                {
                                    "arg_type": 100039, 
                                    "args_list": [
                                        134245799
                                    ], 
                                    "sub_type": 1
                                }
                            ], 
                            "sub_type": "GET_ABILITY_BY_AID"
                        }, 
                        {
                            "arg_type": 100002, 
                            "args_list": [
                                1
                            ], 
                            "sub_type": 1
                        }
                    ], 
                    "bp": false, 
                    "element_id": 677691395000002, 
                    "enable": true
                }
            ], 
            "call_enabled": true, 
            "condition": [], 
            "enabled": true, 
            "event": [
                {
                    "args_list": [], 
                    "element_id": 677691395000001, 
                    "enable": true, 
                    "event_type": "ABILITY_UPGRADE"
                }
            ], 
            "group_id": 134266361, 
            "p_trigger_id": null, 
            "trigger_id": 677691395, 
            "trigger_name": "\u65b0\u5efa\u89e6\u53d1\u5668_3", 
            "valid": true
        }, 
        "1424609281": {
            "action": [
                {
                    "action_type": "PLAY_ANIMATION", 
                    "args_list": [
                        {
                            "arg_type": 100006, 
                            "args_list": [], 
                            "sub_type": "ABILITY_OWNER"
                        }, 
                        {
                            "arg_type": 100003, 
                            "args_list": [
                                {
                                    "arg_type": 100014, 
                                    "args_list": [], 
                                    "sub_type": "CUR_ABILITY"
                                }, 
                                {
                                    "arg_type": 100003, 
                                    "args_list": [
                                        "animation"
                                    ], 
                                    "sub_type": 1
                                }
                            ], 
                            "sub_type": "GET_STRING_KV"
                        }, 
                        {
                            "arg_type": 100000, 
                            "args_list": [
                                1.0
                            ], 
                            "sub_type": 1
                        }, 
                        {
                            "arg_type": 100000, 
                            "args_list": [
                                0.0
                            ], 
                            "sub_type": 1
                        }, 
                        {
                            "arg_type": 100000, 
                            "args_list": [
                                -1.0
                            ], 
                            "sub_type": 1
                        }, 
                        {
                            "arg_type": 100001, 
                            "args_list": [
                                false
                            ], 
                            "sub_type": 1
                        }, 
                        {
                            "arg_type": 100001, 
                            "args_list": [
                                true
                            ], 
                            "sub_type": 1
                        }
                    ], 
                    "bp": false, 
                    "element_id": 14246092810005, 
                    "enable": true
                }
            ], 
            "call_enabled": true, 
            "condition": [], 
            "enabled": true, 
            "event": [
                {
                    "args_list": [], 
                    "element_id": 14246092810002, 
                    "enable": true, 
                    "event_type": "ABILITY_PS_START"
                }
            ], 
            "group_id": 134266361, 
            "p_trigger_id": null, 
            "trigger_id": 1424609281, 
            "trigger_name": "\u65b0\u5efa\u89e6\u53d1\u5668", 
            "valid": true
        }
    }, 
    "trigger_version": "1.2", 
    "variable_dict": {
        "FLOAT": {
            "\u4fbf\u5b9c\u89d2\u5ea6": 0.0, 
            "\u504f\u79fb\u8ddd\u79bb": 0.0, 
            "\u5f53\u524d\u89d2\u5ea6": 0.0
        }, 
        "INTEGER": {
            "i": 1, 
            "n": 1
        }, 
        "NEW_TIMER": {}, 
        "UNIT_GROUP": {
            "\u5206\u8eab\u5355\u4f4d\u7ec4": []
        }
    }, 
    "variable_group_info": [
        [
            "i", 
            "i_2"
        ], 
        [
            "n", 
            "n_2"
        ], 
        [
            "\u5206\u8eab\u5355\u4f4d\u7ec4", 
            "\u5206\u8eab\u5355\u4f4d\u7ec4_2"
        ], 
        [
            "\u504f\u79fb\u8ddd\u79bb", 
            "\u504f\u79fb\u8ddd\u79bb_2"
        ], 
        [
            "\u5f53\u524d\u89d2\u5ea6", 
            "\u5f53\u524d\u89d2\u5ea6_2"
        ], 
        [
            "\u4fbf\u5b9c\u89d2\u5ea6", 
            "\u4fbf\u5b9c\u89d2\u5ea6_2"
        ]
    ], 
    "variable_length_dict": {
        "i": 0, 
        "n": 0, 
        "\u4fbf\u5b9c\u89d2\u5ea6": 0, 
        "\u504f\u79fb\u8ddd\u79bb": 0, 
        "\u5206\u8eab\u5355\u4f4d\u7ec4": 0, 
        "\u5f53\u524d\u89d2\u5ea6": 0
    }, 
    "variable_type_dict": {
        "i": false, 
        "n": false, 
        "\u4fbf\u5b9c\u89d2\u5ea6": false, 
        "\u504f\u79fb\u8ddd\u79bb": false, 
        "\u5206\u8eab\u5355\u4f4d\u7ec4": false, 
        "\u5f53\u524d\u89d2\u5ea6": false
    }
}