{
    "local_variable": {
        "813318145": {
            "variable_dict": {
                "STRING": {}
            }, 
            "variable_length_dict": {}, 
            "variable_type_dict": {}
        }
    }, 
    "trigger_dict": {
        "679227395": {
            "action": [
                {
                    "action_type": "STOP_ANIMATION", 
                    "args_list": [
                        {
                            "arg_type": 100006, 
                            "args_list": [], 
                            "sub_type": "ABILITY_OWNER"
                        }, 
                        {
                            "arg_type": 100003, 
                            "args_list": [
                                [
                                    "STRING", 
                                    "anim", 
                                    "actor"
                                ], 
                                null
                            ], 
                            "sub_type": 2
                        }
                    ], 
                    "bp": false, 
                    "element_id": 15465349140002, 
                    "enable": true
                }, 
                {
                    "action_type": "DELETE_SFX_ENTITY", 
                    "args_list": [
                        {
                            "arg_type": 100148, 
                            "args_list": [
                                [
                                    "SFX_ENTITY", 
                                    "knife", 
                                    "actor"
                                ], 
                                null
                            ], 
                            "sub_type": 4
                        }
                    ], 
                    "bp": false, 
                    "element_id": 6792273950007, 
                    "enable": true, 
                    "op_arg": [
                        {
                            "arg_type": 100001, 
                            "args_list": [
                                true
                            ], 
                            "sub_type": 1
                        }
                    ], 
                    "op_arg_enable": [
                        false
                    ]
                }
            ], 
            "call_enabled": true, 
            "condition": [], 
            "enabled": true, 
            "event": [
                {
                    "args_list": [], 
                    "element_id": 6792273950001, 
                    "enable": true, 
                    "event_type": "ABILITY_END"
                }
            ], 
            "group_id": 134237189, 
            "p_trigger_id": null, 
            "trigger_id": 679227395, 
            "trigger_name": "AbilityEnds", 
            "valid": true
        }, 
        "813318145": {
            "action": [
                {
                    "action_type": "IF_THEN_ELSE", 
                    "args_list": [
                        {
                            "arg_type": 100021, 
                            "args_list": [
                                {
                                    "args_list": [
                                        {
                                            "arg_type": 100000, 
                                            "args_list": [
                                                {
                                                    "arg_type": 100000, 
                                                    "args_list": [
                                                        0.0
                                                    ], 
                                                    "sub_type": 1
                                                }, 
                                                {
                                                    "arg_type": 100000, 
                                                    "args_list": [
                                                        100.0
                                                    ], 
                                                    "sub_type": 1
                                                }
                                            ], 
                                            "sub_type": "RANDOM_FLOAT"
                                        }, 
                                        {
                                            "arg_type": 100015, 
                                            "args_list": [
                                                "<"
                                            ], 
                                            "sub_type": 1
                                        }, 
                                        {
                                            "arg_type": 100000, 
                                            "args_list": [
                                                {
                                                    "arg_type": 100006, 
                                                    "args_list": [], 
                                                    "sub_type": "ABILITY_OWNER"
                                                }, 
                                                {
                                                    "arg_type": 100301, 
                                                    "args_list": [
                                                        "ATTR_RESULT"
                                                    ], 
                                                    "sub_type": 1
                                                }, 
                                                {
                                                    "arg_type": 100042, 
                                                    "args_list": [
                                                        "critical_chance"
                                                    ], 
                                                    "sub_type": 1
                                                }
                                            ], 
                                            "sub_type": "GET_UNIT_ATTR"
                                        }
                                    ], 
                                    "condition_type": "FLOAT_COMPARE", 
                                    "element_id": 8133181450037, 
                                    "enable": true
                                }
                            ], 
                            "sub_type": 1
                        }, 
                        {
                            "arg_type": 100022, 
                            "args_list": [
                                {
                                    "action_type": "SET_VARIABLE", 
                                    "args_list": [
                                        {
                                            "arg_type": 100030, 
                                            "args_list": [
                                                [
                                                    "BOOLEAN", 
                                                    "\u66b4\u51fb", 
                                                    "actor"
                                                ]
                                            ], 
                                            "sub_type": 1
                                        }, 
                                        {
                                            "arg_type": 100001, 
                                            "args_list": [
                                                true
                                            ], 
                                            "sub_type": 1
                                        }
                                    ], 
                                    "bp": false, 
                                    "element_id": 8133181450026, 
                                    "enable": true
                                }, 
                                {
                                    "action_type": "SET_VARIABLE", 
                                    "args_list": [
                                        {
                                            "arg_type": 100030, 
                                            "args_list": [
                                                [
                                                    "STRING", 
                                                    "anim", 
                                                    "actor"
                                                ]
                                            ], 
                                            "sub_type": 1
                                        }, 
                                        {
                                            "arg_type": 100003, 
                                            "args_list": [
                                                {
                                                    "arg_type": 100003, 
                                                    "args_list": [
                                                        "attack"
                                                    ], 
                                                    "sub_type": 1
                                                }, 
                                                {
                                                    "arg_type": 100003, 
                                                    "args_list": [
                                                        "2"
                                                    ], 
                                                    "sub_type": 1
                                                }
                                            ], 
                                            "op_arg": [
                                                null, 
                                                null, 
                                                null, 
                                                null, 
                                                null, 
                                                null, 
                                                null, 
                                                null
                                            ], 
                                            "op_arg_enable": [
                                                false, 
                                                false, 
                                                false, 
                                                false, 
                                                false, 
                                                false, 
                                                false, 
                                                false
                                            ], 
                                            "sub_type": "STR_JOIN"
                                        }
                                    ], 
                                    "bp": false, 
                                    "element_id": 813318145450082, 
                                    "enable": true
                                }
                            ], 
                            "sub_type": 1
                        }, 
                        {
                            "arg_type": 100022, 
                            "args_list": [
                                {
                                    "action_type": "SET_VARIABLE", 
                                    "args_list": [
                                        {
                                            "arg_type": 100030, 
                                            "args_list": [
                                                [
                                                    "BOOLEAN", 
                                                    "\u66b4\u51fb", 
                                                    "actor"
                                                ]
                                            ], 
                                            "sub_type": 1
                                        }, 
                                        {
                                            "arg_type": 100001, 
                                            "args_list": [
                                                false
                                            ], 
                                            "sub_type": 1
                                        }
                                    ], 
                                    "bp": false, 
                                    "element_id": 8133181450080, 
                                    "enable": true
                                }, 
                                {
                                    "action_type": "PROBABILITY_DO_ACTION", 
                                    "args_list": [
                                        {
                                            "arg_type": 100000, 
                                            "args_list": [
                                                66.67
                                            ], 
                                            "sub_type": 1
                                        }, 
                                        {
                                            "arg_type": 100001, 
                                            "args_list": [
                                                true
                                            ], 
                                            "sub_type": 1
                                        }, 
                                        {
                                            "arg_type": 100022, 
                                            "args_list": [
                                                {
                                                    "action_type": "SET_VARIABLE", 
                                                    "args_list": [
                                                        {
                                                            "arg_type": 100030, 
                                                            "args_list": [
                                                                [
                                                                    "STRING", 
                                                                    "anim", 
                                                                    "actor"
                                                                ]
                                                            ], 
                                                            "sub_type": 1
                                                        }, 
                                                        {
                                                            "arg_type": 100003, 
                                                            "args_list": [
                                                                {
                                                                    "arg_type": 100003, 
                                                                    "args_list": [
                                                                        "attack"
                                                                    ], 
                                                                    "sub_type": 1
                                                                }, 
                                                                {
                                                                    "arg_type": 100003, 
                                                                    "args_list": [
                                                                        {
                                                                            "arg_type": 100002, 
                                                                            "args_list": [
                                                                                {
                                                                                    "arg_type": 100002, 
                                                                                    "args_list": [
                                                                                        1
                                                                                    ], 
                                                                                    "sub_type": 1
                                                                                }, 
                                                                                {
                                                                                    "arg_type": 100002, 
                                                                                    "args_list": [
                                                                                        2
                                                                                    ], 
                                                                                    "sub_type": 1
                                                                                }
                                                                            ], 
                                                                            "sub_type": "RANDOM_INT"
                                                                        }
                                                                    ], 
                                                                    "sub_type": "ANY_VAR_TO_STR"
                                                                }
                                                            ], 
                                                            "op_arg": [
                                                                null, 
                                                                null, 
                                                                null, 
                                                                null, 
                                                                null, 
                                                                null, 
                                                                null, 
                                                                null
                                                            ], 
                                                            "op_arg_enable": [
                                                                false, 
                                                                false, 
                                                                false, 
                                                                false, 
                                                                false, 
                                                                false, 
                                                                false, 
                                                                false
                                                            ], 
                                                            "sub_type": "STR_JOIN"
                                                        }
                                                    ], 
                                                    "bp": false, 
                                                    "element_id": 8133181450023, 
                                                    "enable": true
                                                }
                                            ], 
                                            "sub_type": 1
                                        }
                                    ], 
                                    "bp": false, 
                                    "element_id": 813318145450161, 
                                    "enable": true
                                }, 
                                {
                                    "action_type": "PROBABILITY_DO_ACTION", 
                                    "args_list": [
                                        {
                                            "arg_type": 100000, 
                                            "args_list": [
                                                33.33
                                            ], 
                                            "sub_type": 1
                                        }, 
                                        {
                                            "arg_type": 100001, 
                                            "args_list": [
                                                true
                                            ], 
                                            "sub_type": 1
                                        }, 
                                        {
                                            "arg_type": 100022, 
                                            "args_list": [
                                                {
                                                    "action_type": "SET_VARIABLE", 
                                                    "args_list": [
                                                        {
                                                            "arg_type": 100030, 
                                                            "args_list": [
                                                                [
                                                                    "STRING", 
                                                                    "anim", 
                                                                    "actor"
                                                                ]
                                                            ], 
                                                            "sub_type": 1
                                                        }, 
                                                        {
                                                            "arg_type": 100003, 
                                                            "args_list": [
                                                                "ability_2"
                                                            ], 
                                                            "sub_type": 1
                                                        }
                                                    ], 
                                                    "bp": false, 
                                                    "element_id": 813318145450121, 
                                                    "enable": true
                                                }
                                            ], 
                                            "sub_type": 1
                                        }
                                    ], 
                                    "bp": false, 
                                    "element_id": 813318145450165, 
                                    "enable": true
                                }
                            ], 
                            "sub_type": 1
                        }
                    ], 
                    "bp": false, 
                    "element_id": 8133181450030, 
                    "enable": true, 
                    "fake_op": [
                        2
                    ]
                }, 
                {
                    "action_type": "PLAY_ANIMATION", 
                    "args_list": [
                        {
                            "arg_type": 100006, 
                            "args_list": [], 
                            "sub_type": "ABILITY_OWNER"
                        }, 
                        {
                            "arg_type": 100003, 
                            "args_list": [
                                [
                                    "STRING", 
                                    "anim", 
                                    "actor"
                                ], 
                                null
                            ], 
                            "sub_type": 2
                        }, 
                        {
                            "arg_type": 100000, 
                            "args_list": [
                                {
                                    "arg_type": 100000, 
                                    "args_list": [
                                        {
                                            "arg_type": 100006, 
                                            "args_list": [], 
                                            "sub_type": "ABILITY_OWNER"
                                        }, 
                                        {
                                            "arg_type": 100301, 
                                            "args_list": [
                                                "ATTR_RESULT"
                                            ], 
                                            "sub_type": 1
                                        }, 
                                        {
                                            "arg_type": 100042, 
                                            "args_list": [
                                                "attack_speed"
                                            ], 
                                            "sub_type": 1
                                        }
                                    ], 
                                    "sub_type": "GET_UNIT_ATTR"
                                }, 
                                {
                                    "arg_type": 100017, 
                                    "args_list": [
                                        "/"
                                    ], 
                                    "sub_type": 1
                                }, 
                                {
                                    "arg_type": 100000, 
                                    "args_list": [
                                        70.0
                                    ], 
                                    "sub_type": 1
                                }
                            ], 
                            "sub_type": "ARITHMETIC_OPERATION"
                        }, 
                        {
                            "arg_type": 100000, 
                            "args_list": [
                                0
                            ], 
                            "sub_type": 1
                        }, 
                        {
                            "arg_type": 100000, 
                            "args_list": [
                                1.0
                            ], 
                            "sub_type": 1
                        }, 
                        {
                            "arg_type": 100001, 
                            "args_list": [
                                false
                            ], 
                            "sub_type": 1
                        }, 
                        {
                            "arg_type": 100001, 
                            "args_list": [
                                true
                            ], 
                            "sub_type": 1
                        }
                    ], 
                    "bp": false, 
                    "element_id": 813318145450174, 
                    "enable": true
                }, 
                {
                    "action_type": "IF_THEN_ELSE", 
                    "args_list": [
                        {
                            "arg_type": 100021, 
                            "args_list": [
                                {
                                    "args_list": [
                                        {
                                            "arg_type": 100003, 
                                            "args_list": [
                                                [
                                                    "STRING", 
                                                    "anim", 
                                                    "actor"
                                                ], 
                                                null
                                            ], 
                                            "sub_type": 2
                                        }, 
                                        {
                                            "arg_type": 100035, 
                                            "args_list": [
                                                "!="
                                            ], 
                                            "sub_type": 1
                                        }, 
                                        {
                                            "arg_type": 100003, 
                                            "args_list": [
                                                "attack1"
                                            ], 
                                            "sub_type": 1
                                        }
                                    ], 
                                    "condition_type": "STRING_COMPARE", 
                                    "element_id": 813318145450125, 
                                    "enable": true
                                }
                            ], 
                            "sub_type": 1
                        }, 
                        {
                            "arg_type": 100022, 
                            "args_list": [
                                {
                                    "action_type": "SET_VARIABLE", 
                                    "args_list": [
                                        {
                                            "arg_type": 100148, 
                                            "args_list": [
                                                [
                                                    "SFX_ENTITY", 
                                                    "knife", 
                                                    "actor"
                                                ], 
                                                null
                                            ], 
                                            "sub_type": 4
                                        }, 
                                        {
                                            "arg_type": 100148, 
                                            "args_list": [
                                                {
                                                    "arg_type": 100066, 
                                                    "args_list": [
                                                        102692
                                                    ], 
                                                    "sub_type": 1
                                                }, 
                                                {
                                                    "arg_type": 100006, 
                                                    "args_list": [], 
                                                    "sub_type": "ABILITY_OWNER"
                                                }, 
                                                {
                                                    "arg_type": 100003, 
                                                    "args_list": [
                                                        "B"
                                                    ], 
                                                    "sub_type": 1
                                                }, 
                                                {
                                                    "arg_type": 100001, 
                                                    "args_list": [
                                                        true
                                                    ], 
                                                    "sub_type": 1
                                                }, 
                                                {
                                                    "arg_type": 100001, 
                                                    "args_list": [
                                                        true
                                                    ], 
                                                    "sub_type": 1
                                                }
                                            ], 
                                            "op_arg": [
                                                null, 
                                                {
                                                    "arg_type": 100000, 
                                                    "args_list": [
                                                        {
                                                            "arg_type": 100014, 
                                                            "args_list": [], 
                                                            "sub_type": "CUR_ABILITY"
                                                        }, 
                                                        {
                                                            "arg_type": 100078, 
                                                            "args_list": [
                                                                "ability_channel_time"
                                                            ], 
                                                            "sub_type": 1
                                                        }
                                                    ], 
                                                    "sub_type": "GET_ABILITY_FLOAT_ATTR"
                                                }, 
                                                null, 
                                                null
                                            ], 
                                            "op_arg_enable": [
                                                false, 
                                                true, 
                                                false, 
                                                false
                                            ], 
                                            "sub_type": "CREATE_SFX_ON_UNIT"
                                        }
                                    ], 
                                    "bp": false, 
                                    "element_id": 813318145450089, 
                                    "enable": true
                                }
                            ], 
                            "sub_type": 1
                        }, 
                        {
                            "arg_type": 100022, 
                            "args_list": [], 
                            "sub_type": 1
                        }
                    ], 
                    "bp": false, 
                    "element_id": 813318145450092, 
                    "enable": true, 
                    "fake_op": []
                }
            ], 
            "call_enabled": true, 
            "condition": [], 
            "enabled": true, 
            "event": [
                {
                    "args_list": [], 
                    "element_id": 8133181450001, 
                    "enable": true, 
                    "event_type": "ABILITY_PS_START"
                }
            ], 
            "group_id": 134237189, 
            "p_trigger_id": null, 
            "trigger_id": 813318145, 
            "trigger_name": "AbilityPercastStarts", 
            "valid": true
        }, 
        "1568333826": {
            "action": [
                {
                    "action_type": "CREATE_SFX_ON_UNIT", 
                    "args_list": [
                        {
                            "arg_type": 100066, 
                            "args_list": [
                                102497
                            ], 
                            "sub_type": 1
                        }, 
                        {
                            "arg_type": 100006, 
                            "args_list": [
                                {
                                    "arg_type": 100014, 
                                    "args_list": [], 
                                    "sub_type": "CUR_ABILITY"
                                }
                            ], 
                            "sub_type": "TARGET_UNIT_IN_ABILITY"
                        }, 
                        {
                            "arg_type": 100003, 
                            "args_list": [
                                "hit_point"
                            ], 
                            "sub_type": 1
                        }, 
                        {
                            "arg_type": 100001, 
                            "args_list": [
                                false
                            ], 
                            "sub_type": 1
                        }, 
                        {
                            "arg_type": 100001, 
                            "args_list": [
                                true
                            ], 
                            "sub_type": 1
                        }
                    ], 
                    "bp": false, 
                    "element_id": 8133181450013, 
                    "enable": true, 
                    "op_arg": [
                        null, 
                        {
                            "arg_type": 100000, 
                            "args_list": [
                                1.0
                            ], 
                            "sub_type": 1
                        }, 
                        null, 
                        null
                    ], 
                    "op_arg_enable": [
                        false, 
                        true, 
                        false, 
                        false
                    ]
                }, 
                {
                    "action_type": "IF_THEN_ELSE", 
                    "args_list": [
                        {
                            "arg_type": 100021, 
                            "args_list": [
                                {
                                    "args_list": [
                                        {
                                            "arg_type": 100001, 
                                            "args_list": [
                                                [
                                                    "BOOLEAN", 
                                                    "\u66b4\u51fb", 
                                                    "actor"
                                                ], 
                                                null
                                            ], 
                                            "sub_type": "VARIABLE"
                                        }, 
                                        {
                                            "arg_type": 100035, 
                                            "args_list": [
                                                "=="
                                            ], 
                                            "sub_type": 1
                                        }, 
                                        {
                                            "arg_type": 100001, 
                                            "args_list": [
                                                true
                                            ], 
                                            "sub_type": 1
                                        }
                                    ], 
                                    "condition_type": "BOOL_COMPARE", 
                                    "element_id": 15683338260023, 
                                    "enable": true
                                }
                            ], 
                            "sub_type": 1
                        }, 
                        {
                            "arg_type": 100022, 
                            "args_list": [
                                {
                                    "action_type": "ADD_ATTR", 
                                    "args_list": [
                                        {
                                            "arg_type": 100006, 
                                            "args_list": [], 
                                            "sub_type": "ABILITY_OWNER"
                                        }, 
                                        {
                                            "arg_type": 100300, 
                                            "args_list": [
                                                "ATTR_BASE"
                                            ], 
                                            "sub_type": 1
                                        }, 
                                        {
                                            "arg_type": 100042, 
                                            "args_list": [
                                                "critical_chance"
                                            ], 
                                            "sub_type": 1
                                        }, 
                                        {
                                            "arg_type": 100000, 
                                            "args_list": [
                                                100.0
                                            ], 
                                            "sub_type": 1
                                        }
                                    ], 
                                    "bp": false, 
                                    "element_id": 15683338260067, 
                                    "enable": true
                                }
                            ], 
                            "sub_type": 1
                        }, 
                        {
                            "arg_type": 100022, 
                            "args_list": [
                                {
                                    "action_type": "ADD_ATTR", 
                                    "args_list": [
                                        {
                                            "arg_type": 100006, 
                                            "args_list": [], 
                                            "sub_type": "ABILITY_OWNER"
                                        }, 
                                        {
                                            "arg_type": 100300, 
                                            "args_list": [
                                                "ATTR_BASE"
                                            ], 
                                            "sub_type": 1
                                        }, 
                                        {
                                            "arg_type": 100042, 
                                            "args_list": [
                                                "critical_chance"
                                            ], 
                                            "sub_type": 1
                                        }, 
                                        {
                                            "arg_type": 100000, 
                                            "args_list": [
                                                -100.0
                                            ], 
                                            "sub_type": 1
                                        }
                                    ], 
                                    "bp": false, 
                                    "element_id": 1568333826450024, 
                                    "enable": true
                                }
                            ], 
                            "sub_type": 1
                        }
                    ], 
                    "bp": false, 
                    "element_id": 15683338260016, 
                    "enable": true, 
                    "fake_op": [
                        2
                    ]
                }, 
                {
                    "action_type": "APPLY_DAMAGE", 
                    "args_list": [
                        {
                            "arg_type": 100006, 
                            "args_list": [], 
                            "sub_type": "ABILITY_OWNER"
                        }, 
                        {
                            "arg_type": 100014, 
                            "args_list": [], 
                            "sub_type": "CUR_ABILITY"
                        }, 
                        {
                            "arg_type": 100006, 
                            "args_list": [
                                {
                                    "arg_type": 100014, 
                                    "args_list": [], 
                                    "sub_type": "CUR_ABILITY"
                                }
                            ], 
                            "sub_type": "TARGET_UNIT_IN_ABILITY"
                        }, 
                        {
                            "arg_type": 100064, 
                            "args_list": [
                                0
                            ], 
                            "sub_type": 1
                        }, 
                        {
                            "arg_type": 100000, 
                            "args_list": [
                                {
                                    "arg_type": 100006, 
                                    "args_list": [], 
                                    "sub_type": "ABILITY_OWNER"
                                }, 
                                {
                                    "arg_type": 100301, 
                                    "args_list": [
                                        "ATTR_RESULT"
                                    ], 
                                    "sub_type": 1
                                }, 
                                {
                                    "arg_type": 100042, 
                                    "args_list": [
                                        "attack_phy"
                                    ], 
                                    "sub_type": 1
                                }
                            ], 
                            "sub_type": "GET_UNIT_ATTR"
                        }, 
                        {
                            "arg_type": 100001, 
                            "args_list": [
                                true
                            ], 
                            "sub_type": 1
                        }
                    ], 
                    "bp": false, 
                    "element_id": 20834181150002, 
                    "enable": true, 
                    "op_arg": [
                        {
                            "arg_type": 100001, 
                            "args_list": [
                                true
                            ], 
                            "sub_type": 1
                        }, 
                        {
                            "arg_type": 100001, 
                            "args_list": [
                                true
                            ], 
                            "sub_type": 1
                        }, 
                        {
                            "arg_type": 100001, 
                            "args_list": [
                                true
                            ], 
                            "sub_type": 1
                        }, 
                        null, 
                        null, 
                        null
                    ], 
                    "op_arg_enable": [
                        false, 
                        false, 
                        false, 
                        false, 
                        false, 
                        false
                    ]
                }, 
                {
                    "action_type": "IF_THEN_ELSE", 
                    "args_list": [
                        {
                            "arg_type": 100021, 
                            "args_list": [
                                {
                                    "args_list": [
                                        {
                                            "arg_type": 100001, 
                                            "args_list": [
                                                [
                                                    "BOOLEAN", 
                                                    "\u66b4\u51fb", 
                                                    "actor"
                                                ], 
                                                null
                                            ], 
                                            "sub_type": "VARIABLE"
                                        }, 
                                        {
                                            "arg_type": 100035, 
                                            "args_list": [
                                                "=="
                                            ], 
                                            "sub_type": 1
                                        }, 
                                        {
                                            "arg_type": 100001, 
                                            "args_list": [
                                                true
                                            ], 
                                            "sub_type": 1
                                        }
                                    ], 
                                    "condition_type": "BOOL_COMPARE", 
                                    "element_id": 15683338260071, 
                                    "enable": true
                                }
                            ], 
                            "sub_type": 1
                        }, 
                        {
                            "arg_type": 100022, 
                            "args_list": [
                                {
                                    "action_type": "ADD_ATTR", 
                                    "args_list": [
                                        {
                                            "arg_type": 100006, 
                                            "args_list": [], 
                                            "sub_type": "ABILITY_OWNER"
                                        }, 
                                        {
                                            "arg_type": 100300, 
                                            "args_list": [
                                                "ATTR_BASE"
                                            ], 
                                            "sub_type": 1
                                        }, 
                                        {
                                            "arg_type": 100042, 
                                            "args_list": [
                                                "critical_chance"
                                            ], 
                                            "sub_type": 1
                                        }, 
                                        {
                                            "arg_type": 100000, 
                                            "args_list": [
                                                -100.0
                                            ], 
                                            "sub_type": 1
                                        }
                                    ], 
                                    "bp": false, 
                                    "element_id": 15683338260076, 
                                    "enable": true
                                }
                            ], 
                            "sub_type": 1
                        }, 
                        {
                            "arg_type": 100022, 
                            "args_list": [
                                {
                                    "action_type": "ADD_ATTR", 
                                    "args_list": [
                                        {
                                            "arg_type": 100006, 
                                            "args_list": [], 
                                            "sub_type": "ABILITY_OWNER"
                                        }, 
                                        {
                                            "arg_type": 100300, 
                                            "args_list": [
                                                "ATTR_BASE"
                                            ], 
                                            "sub_type": 1
                                        }, 
                                        {
                                            "arg_type": 100042, 
                                            "args_list": [
                                                "critical_chance"
                                            ], 
                                            "sub_type": 1
                                        }, 
                                        {
                                            "arg_type": 100000, 
                                            "args_list": [
                                                100.0
                                            ], 
                                            "sub_type": 1
                                        }
                                    ], 
                                    "bp": false, 
                                    "element_id": 1568333826450018, 
                                    "enable": true
                                }
                            ], 
                            "sub_type": 1
                        }
                    ], 
                    "bp": false, 
                    "element_id": 15683338260069, 
                    "enable": true, 
                    "fake_op": [
                        2
                    ]
                }
            ], 
            "call_enabled": true, 
            "condition": [], 
            "enabled": true, 
            "event": [
                {
                    "args_list": [], 
                    "element_id": 1568333826450016, 
                    "enable": true, 
                    "event_type": "ABILITY_SP_END"
                }
            ], 
            "group_id": 134237189, 
            "p_trigger_id": null, 
            "trigger_id": 1568333826, 
            "trigger_name": "AbilityPercastEnds", 
            "valid": true
        }
    }, 
    "trigger_version": "1.2", 
    "variable_dict": {
        "BOOLEAN": {
            "\u66b4\u51fb": false
        }, 
        "FLOAT": {
            "\u52a8\u4f5c\u901f\u7387": 0.0
        }, 
        "INTEGER": {
            "i": 0, 
            "j": 0
        }, 
        "SFX_ENTITY": {
            "knife": 0
        }, 
        "STRING": {
            "anim": "attack1"
        }
    }, 
    "variable_group_info": [
        [
            "knife", 
            "(knife)"
        ], 
        [
            "anim", 
            "anim"
        ], 
        [
            "\u66b4\u51fb", 
            "(\u66b4\u51fb)"
        ], 
        [
            "\u52a8\u4f5c\u901f\u7387", 
            "\u52a8\u4f5c\u901f\u7387"
        ], 
        [
            "i", 
            "i"
        ], 
        [
            "j", 
            "j"
        ]
    ], 
    "variable_length_dict": {
        "anim": 0, 
        "i": 0, 
        "j": 0, 
        "knife": 0, 
        "\u52a8\u4f5c\u901f\u7387": 0, 
        "\u66b4\u51fb": 0
    }, 
    "variable_type_dict": {
        "anim": false, 
        "i": false, 
        "j": false, 
        "knife": false, 
        "\u52a8\u4f5c\u901f\u7387": false, 
        "\u66b4\u51fb": false
    }
}