{
    "local_variable": {}, 
    "trigger_dict": {
        "463007748": {
            "action": [
                {
                    "action_type": "ADD_MODIFIER", 
                    "args_list": [
                        {
                            "arg_type": 100006, 
                            "args_list": [], 
                            "sub_type": "ABILITY_OWNER"
                        }, 
                        {
                            "arg_type": 100046, 
                            "args_list": [
                                201337897
                            ], 
                            "sub_type": 1
                        }
                    ], 
                    "bp": false, 
                    "element_id": 4630077480003, 
                    "enable": true, 
                    "op_arg": [
                        null, 
                        null, 
                        null, 
                        null, 
                        null
                    ], 
                    "op_arg_enable": [
                        false, 
                        false, 
                        false, 
                        false, 
                        false
                    ]
                }
            ], 
            "call_enabled": true, 
            "condition": [
                {
                    "args_list": [
                        {
                            "arg_type": 100010, 
                            "args_list": [
                                4
                            ], 
                            "sub_type": 1
                        }, 
                        {
                            "arg_type": 100035, 
                            "args_list": [
                                "=="
                            ], 
                            "sub_type": 1
                        }, 
                        {
                            "arg_type": 100010, 
                            "args_list": [
                                {
                                    "arg_type": 100006, 
                                    "args_list": [], 
                                    "sub_type": "KILLED_UNIT"
                                }
                            ], 
                            "sub_type": "GET_UNIT_TYPE"
                        }
                    ], 
                    "condition_type": "UNIT_TYPE_COMPARE", 
                    "element_id": 4630077480002, 
                    "enable": true
                }
            ], 
            "enabled": false, 
            "event": [
                {
                    "args_list": [
                        {
                            "arg_type": 100006, 
                            "args_list": [], 
                            "sub_type": "ABILITY_OWNER"
                        }, 
                        {
                            "arg_type": 100007, 
                            "args_list": [
                                "ET_KILL_UNIT"
                            ], 
                            "sub_type": 1
                        }
                    ], 
                    "element_id": 4630077480001, 
                    "enable": true, 
                    "event_type": "SPECIAL_UNIT_EVENT"
                }
            ], 
            "group_id": 0, 
            "is_conf": true, 
            "p_trigger_id": 1300942849, 
            "trigger_id": 463007748, 
            "trigger_name": "SpecifiedAbilityOwnerUnitKillsOtherUnit", 
            "valid": false
        }, 
        "1300942849": {
            "action": [
                463007748
            ], 
            "call_enabled": true, 
            "condition": [], 
            "enabled": true, 
            "event": [
                {
                    "args_list": [], 
                    "element_id": 13009428490002, 
                    "enable": true, 
                    "event_type": "ABILITY_OBTAIN"
                }
            ], 
            "group_id": 201347966, 
            "p_trigger_id": null, 
            "trigger_id": 1300942849, 
            "trigger_name": "AbilityGained", 
            "valid": false
        }
    }, 
    "trigger_version": "1.2", 
    "variable_dict": {
        "FLOAT": {
            "\u4f24\u5bb3": 4.0
        }
    }, 
    "variable_group_info": [
        [
            "\u4f24\u5bb3", 
            "(\u4f24\u5bb3)"
        ]
    ], 
    "variable_length_dict": {
        "\u4f24\u5bb3": 0
    }, 
    "variable_type_dict": {
        "\u4f24\u5bb3": false
    }
}