{
    "local_variable": {}, 
    "trigger_dict": {
        "1932128257": {
            "action": [
                {
                    "action_type": "CREATE_ILLUSION", 
                    "args_list": [
                        {
                            "arg_type": 100006, 
                            "args_list": [
                                {
                                    "arg_type": 100014, 
                                    "args_list": [], 
                                    "sub_type": "CUR_ABILITY"
                                }
                            ], 
                            "sub_type": "TARGET_UNIT_IN_ABILITY"
                        }, 
                        {
                            "arg_type": 100006, 
                            "args_list": [], 
                            "sub_type": "ABILITY_OWNER"
                        }, 
                        {
                            "arg_type": 100025, 
                            "args_list": [
                                {
                                    "arg_type": 100006, 
                                    "args_list": [], 
                                    "sub_type": "ABILITY_OWNER"
                                }
                            ], 
                            "sub_type": "OWNER_PLAYER"
                        }, 
                        {
                            "arg_type": 100004, 
                            "args_list": [
                                {
                                    "arg_type": 100006, 
                                    "args_list": [
                                        {
                                            "arg_type": 100014, 
                                            "args_list": [], 
                                            "sub_type": "CUR_ABILITY"
                                        }
                                    ], 
                                    "sub_type": "TARGET_UNIT_IN_ABILITY"
                                }
                            ], 
                            "sub_type": "UNIT_ENTITY_POINT"
                        }, 
                        {
                            "arg_type": 100225, 
                            "args_list": [
                                {
                                    "arg_type": 100000, 
                                    "args_list": [
                                        180
                                    ], 
                                    "sub_type": 1
                                }
                            ], 
                            "sub_type": "GET_ANGLE_BY_FLOAT"
                        }
                    ], 
                    "bp": false, 
                    "element_id": 19321282570007, 
                    "enable": true, 
                    "op_arg": [
                        {
                            "arg_type": 100001, 
                            "args_list": [
                                true
                            ], 
                            "sub_type": 1
                        }
                    ], 
                    "op_arg_enable": [
                        false
                    ]
                }
            ], 
            "call_enabled": true, 
            "condition": [], 
            "enabled": true, 
            "event": [
                {
                    "args_list": [], 
                    "element_id": 19321282570003, 
                    "enable": true, 
                    "event_type": "ABILITY_PS_END"
                }
            ], 
            "group_id": 201346041, 
            "p_trigger_id": null, 
            "trigger_id": 1932128257, 
            "trigger_name": "AbilityPercastEnds", 
            "valid": true
        }
    }, 
    "trigger_version": "1.2", 
    "variable_dict": {}, 
    "variable_group_info": [], 
    "variable_length_dict": {}, 
    "variable_type_dict": {}
}