{
    "local_variable": {}, 
    "trigger_dict": {
        "123617281": {
            "action": [
                {
                    "action_type": "PLAY_ANIMATION", 
                    "args_list": [
                        {
                            "arg_type": 100006, 
                            "args_list": [], 
                            "sub_type": "ABILITY_OWNER"
                        }, 
                        {
                            "arg_type": 100003, 
                            "args_list": [
                                "ability_30001_01"
                            ], 
                            "sub_type": 1
                        }, 
                        {
                            "arg_type": 100000, 
                            "args_list": [
                                1.0
                            ], 
                            "sub_type": 1
                        }, 
                        {
                            "arg_type": 100000, 
                            "args_list": [
                                0
                            ], 
                            "sub_type": 1
                        }, 
                        {
                            "arg_type": 100000, 
                            "args_list": [
                                -1
                            ], 
                            "sub_type": 1
                        }, 
                        {
                            "arg_type": 100001, 
                            "args_list": [
                                false
                            ], 
                            "sub_type": 1
                        }, 
                        {
                            "arg_type": 100001, 
                            "args_list": [
                                true
                            ], 
                            "sub_type": 1
                        }
                    ], 
                    "bp": false, 
                    "element_id": 8133181450011, 
                    "enable": true
                }
            ], 
            "call_enabled": true, 
            "condition": [], 
            "enabled": true, 
            "event": [
                {
                    "args_list": [], 
                    "element_id": 1236172810003, 
                    "enable": true, 
                    "event_type": "ABILITY_PS_START"
                }
            ], 
            "group_id": 201385902, 
            "p_trigger_id": null, 
            "trigger_id": 123617281, 
            "trigger_name": "The_new_trigger", 
            "valid": true
        }, 
        "1549705218": {
            "action": [
                {
                    "action_type": "SET_VARIABLE", 
                    "args_list": [
                        {
                            "arg_type": 100006, 
                            "args_list": [
                                [
                                    "UNIT_ENTITY", 
                                    "u", 
                                    "actor"
                                ], 
                                null
                            ], 
                            "sub_type": 11
                        }, 
                        {
                            "arg_type": 100006, 
                            "args_list": [
                                {
                                    "arg_type": 100116, 
                                    "args_list": [
                                        201380459
                                    ], 
                                    "sub_type": 1
                                }, 
                                {
                                    "arg_type": 100004, 
                                    "args_list": [
                                        {
                                            "arg_type": 100006, 
                                            "args_list": [], 
                                            "sub_type": "ABILITY_OWNER"
                                        }
                                    ], 
                                    "sub_type": "UNIT_ENTITY_POINT"
                                }, 
                                {
                                    "arg_type": 100225, 
                                    "args_list": [
                                        {
                                            "arg_type": 100000, 
                                            "args_list": [
                                                180
                                            ], 
                                            "sub_type": 1
                                        }
                                    ], 
                                    "sub_type": "GET_ANGLE_BY_FLOAT"
                                }, 
                                {
                                    "arg_type": 100006, 
                                    "args_list": [], 
                                    "sub_type": "ABILITY_OWNER"
                                }
                            ], 
                            "sub_type": "CREATE_UNIT"
                        }
                    ], 
                    "bp": false, 
                    "element_id": 15497052180033, 
                    "enable": true
                }, 
                {
                    "action_type": "SET_VARIABLE", 
                    "args_list": [
                        {
                            "arg_type": 100202, 
                            "args_list": [
                                [
                                    "LINK_SFX_ENTITY", 
                                    "beam", 
                                    "actor"
                                ], 
                                null
                            ], 
                            "sub_type": 4
                        }, 
                        {
                            "arg_type": 100202, 
                            "args_list": [
                                {
                                    "arg_type": 100191, 
                                    "args_list": [
                                        102223
                                    ], 
                                    "sub_type": 1
                                }, 
                                {
                                    "arg_type": 100006, 
                                    "args_list": [], 
                                    "sub_type": "ABILITY_OWNER"
                                }, 
                                {
                                    "arg_type": 100003, 
                                    "args_list": [
                                        "root"
                                    ], 
                                    "sub_type": 1
                                }, 
                                {
                                    "arg_type": 100006, 
                                    "args_list": [
                                        [
                                            "UNIT_ENTITY", 
                                            "u", 
                                            "actor"
                                        ], 
                                        null
                                    ], 
                                    "sub_type": 11
                                }, 
                                {
                                    "arg_type": 100003, 
                                    "args_list": [
                                        "root"
                                    ], 
                                    "sub_type": 1
                                }
                            ], 
                            "op_arg": [
                                null, 
                                null
                            ], 
                            "op_arg_enable": [
                                false, 
                                false
                            ], 
                            "sub_type": "CREATE_LINK_SFX_FROM_UNIT_TO_UNIT"
                        }
                    ], 
                    "bp": false, 
                    "element_id": 15497052180045, 
                    "enable": true
                }, 
                {
                    "action_type": "CREATE_STRAIGHT_MOVER", 
                    "args_list": [
                        {
                            "arg_type": 100006, 
                            "args_list": [
                                [
                                    "UNIT_ENTITY", 
                                    "u", 
                                    "actor"
                                ], 
                                null
                            ], 
                            "sub_type": 11
                        }, 
                        {
                            "arg_type": 100225, 
                            "args_list": [
                                {
                                    "arg_type": 100004, 
                                    "args_list": [
                                        {
                                            "arg_type": 100006, 
                                            "args_list": [], 
                                            "sub_type": "ABILITY_OWNER"
                                        }
                                    ], 
                                    "sub_type": "UNIT_ENTITY_POINT"
                                }, 
                                {
                                    "arg_type": 100004, 
                                    "args_list": [
                                        {
                                            "arg_type": 100014, 
                                            "args_list": [], 
                                            "sub_type": "CUR_ABILITY"
                                        }
                                    ], 
                                    "sub_type": "ABILITY_RELEASE_POSITION"
                                }
                            ], 
                            "sub_type": "GET_POINTS_ANGLE"
                        }, 
                        {
                            "arg_type": 100000, 
                            "args_list": [
                                1500.0
                            ], 
                            "sub_type": 1
                        }, 
                        {
                            "arg_type": 100000, 
                            "args_list": [
                                2000.0
                            ], 
                            "sub_type": 1
                        }, 
                        {
                            "arg_type": 100000, 
                            "args_list": [
                                0
                            ], 
                            "sub_type": 1
                        }, 
                        {
                            "arg_type": 100022, 
                            "args_list": [
                                {
                                    "action_type": "DELETE_UNIT", 
                                    "args_list": [
                                        {
                                            "arg_type": 100006, 
                                            "args_list": [
                                                [
                                                    "UNIT_ENTITY", 
                                                    "u", 
                                                    "actor"
                                                ], 
                                                null
                                            ], 
                                            "sub_type": 11
                                        }
                                    ], 
                                    "bp": false, 
                                    "element_id": 15497052180004, 
                                    "enable": true
                                }, 
                                {
                                    "action_type": "REMOVE_LINK_SFX", 
                                    "args_list": [
                                        {
                                            "arg_type": 100202, 
                                            "args_list": [
                                                [
                                                    "LINK_SFX_ENTITY", 
                                                    "beam", 
                                                    "actor"
                                                ], 
                                                null
                                            ], 
                                            "sub_type": 4
                                        }
                                    ], 
                                    "bp": false, 
                                    "element_id": 15497052180005, 
                                    "enable": true, 
                                    "op_arg": [
                                        {
                                            "arg_type": 100001, 
                                            "args_list": [
                                                true
                                            ], 
                                            "sub_type": 1
                                        }
                                    ], 
                                    "op_arg_enable": [
                                        false
                                    ]
                                }
                            ], 
                            "sub_type": 1
                        }, 
                        {
                            "arg_type": 100022, 
                            "args_list": [], 
                            "sub_type": 1
                        }, 
                        {
                            "arg_type": 100022, 
                            "args_list": [], 
                            "sub_type": 1
                        }, 
                        {
                            "arg_type": 100022, 
                            "args_list": [
                                {
                                    "action_type": "CREATE_SFX_ON_UNIT", 
                                    "args_list": [
                                        {
                                            "arg_type": 100066, 
                                            "args_list": [
                                                102225
                                            ], 
                                            "sub_type": 1
                                        }, 
                                        {
                                            "arg_type": 100006, 
                                            "args_list": [], 
                                            "sub_type": "ABILITY_OWNER"
                                        }, 
                                        {
                                            "arg_type": 100003, 
                                            "args_list": [
                                                "root"
                                            ], 
                                            "sub_type": 1
                                        }, 
                                        {
                                            "arg_type": 100001, 
                                            "args_list": [
                                                true
                                            ], 
                                            "sub_type": 1
                                        }, 
                                        {
                                            "arg_type": 100001, 
                                            "args_list": [
                                                true
                                            ], 
                                            "sub_type": 1
                                        }
                                    ], 
                                    "bp": false, 
                                    "element_id": 15497052180006, 
                                    "enable": true, 
                                    "op_arg": [
                                        null, 
                                        {
                                            "arg_type": 100000, 
                                            "args_list": [
                                                1.0
                                            ], 
                                            "sub_type": 1
                                        }, 
                                        null, 
                                        null
                                    ], 
                                    "op_arg_enable": [
                                        false, 
                                        true, 
                                        false, 
                                        false
                                    ]
                                }, 
                                {
                                    "action_type": "CREATE_CHASING_MOVER", 
                                    "args_list": [
                                        {
                                            "arg_type": 100006, 
                                            "args_list": [], 
                                            "sub_type": "ABILITY_OWNER"
                                        }, 
                                        {
                                            "arg_type": 100006, 
                                            "args_list": [
                                                [
                                                    "UNIT_ENTITY", 
                                                    "u", 
                                                    "actor"
                                                ], 
                                                null
                                            ], 
                                            "sub_type": 11
                                        }, 
                                        {
                                            "arg_type": 100000, 
                                            "args_list": [
                                                0.0
                                            ], 
                                            "sub_type": 1
                                        }, 
                                        {
                                            "arg_type": 100000, 
                                            "args_list": [
                                                2000.0
                                            ], 
                                            "sub_type": 1
                                        }, 
                                        {
                                            "arg_type": 100000, 
                                            "args_list": [
                                                0
                                            ], 
                                            "sub_type": 1
                                        }, 
                                        {
                                            "arg_type": 100022, 
                                            "args_list": [
                                                {
                                                    "action_type": "DELETE_UNIT", 
                                                    "args_list": [
                                                        {
                                                            "arg_type": 100006, 
                                                            "args_list": [
                                                                [
                                                                    "UNIT_ENTITY", 
                                                                    "u", 
                                                                    "actor"
                                                                ], 
                                                                null
                                                            ], 
                                                            "sub_type": 11
                                                        }
                                                    ], 
                                                    "bp": false, 
                                                    "element_id": 15497052180007, 
                                                    "enable": true
                                                }, 
                                                {
                                                    "action_type": "REMOVE_LINK_SFX", 
                                                    "args_list": [
                                                        {
                                                            "arg_type": 100202, 
                                                            "args_list": [
                                                                [
                                                                    "LINK_SFX_ENTITY", 
                                                                    "beam", 
                                                                    "actor"
                                                                ], 
                                                                null
                                                            ], 
                                                            "sub_type": 4
                                                        }
                                                    ], 
                                                    "bp": false, 
                                                    "element_id": 15497052180008, 
                                                    "enable": true, 
                                                    "op_arg": [
                                                        {
                                                            "arg_type": 100001, 
                                                            "args_list": [
                                                                true
                                                            ], 
                                                            "sub_type": 1
                                                        }
                                                    ], 
                                                    "op_arg_enable": [
                                                        false
                                                    ]
                                                }
                                            ], 
                                            "sub_type": 1
                                        }, 
                                        {
                                            "arg_type": 100022, 
                                            "args_list": [], 
                                            "sub_type": 1
                                        }, 
                                        {
                                            "arg_type": 100022, 
                                            "args_list": [], 
                                            "sub_type": 1
                                        }, 
                                        {
                                            "arg_type": 100022, 
                                            "args_list": [], 
                                            "sub_type": 1
                                        }, 
                                        {
                                            "arg_type": 100022, 
                                            "args_list": [
                                                {
                                                    "action_type": "APPLY_DAMAGE", 
                                                    "args_list": [
                                                        {
                                                            "arg_type": 100006, 
                                                            "args_list": [], 
                                                            "sub_type": "ABILITY_OWNER"
                                                        }, 
                                                        {
                                                            "arg_type": 100014, 
                                                            "args_list": [], 
                                                            "sub_type": "CUR_ABILITY"
                                                        }, 
                                                        {
                                                            "arg_type": 100006, 
                                                            "args_list": [], 
                                                            "sub_type": "MOVER_COLLIDE_UNIT"
                                                        }, 
                                                        {
                                                            "arg_type": 100064, 
                                                            "args_list": [
                                                                0
                                                            ], 
                                                            "sub_type": 1
                                                        }, 
                                                        {
                                                            "arg_type": 100000, 
                                                            "args_list": [
                                                                {
                                                                    "arg_type": 100014, 
                                                                    "args_list": [], 
                                                                    "sub_type": "CUR_ABILITY"
                                                                }, 
                                                                {
                                                                    "arg_type": 100003, 
                                                                    "args_list": [
                                                                        "damage"
                                                                    ], 
                                                                    "sub_type": 1
                                                                }
                                                            ], 
                                                            "sub_type": "GET_FLOAT_KV"
                                                        }, 
                                                        {
                                                            "arg_type": 100001, 
                                                            "args_list": [
                                                                true
                                                            ], 
                                                            "sub_type": 1
                                                        }
                                                    ], 
                                                    "bp": false, 
                                                    "element_id": 15497052180009, 
                                                    "enable": true, 
                                                    "op_arg": [
                                                        {
                                                            "arg_type": 100001, 
                                                            "args_list": [
                                                                true
                                                            ], 
                                                            "sub_type": 1
                                                        }, 
                                                        {
                                                            "arg_type": 100001, 
                                                            "args_list": [
                                                                true
                                                            ], 
                                                            "sub_type": 1
                                                        }, 
                                                        {
                                                            "arg_type": 100001, 
                                                            "args_list": [
                                                                true
                                                            ], 
                                                            "sub_type": 1
                                                        }, 
                                                        null, 
                                                        null, 
                                                        null
                                                    ], 
                                                    "op_arg_enable": [
                                                        false, 
                                                        false, 
                                                        false, 
                                                        false, 
                                                        false, 
                                                        false
                                                    ]
                                                }, 
                                                {
                                                    "action_type": "IF_THEN_ELSE", 
                                                    "args_list": [
                                                        {
                                                            "arg_type": 100021, 
                                                            "args_list": [
                                                                {
                                                                    "args_list": [
                                                                        {
                                                                            "arg_type": 100010, 
                                                                            "args_list": [
                                                                                {
                                                                                    "arg_type": 100006, 
                                                                                    "args_list": [], 
                                                                                    "sub_type": "MOVER_COLLIDE_UNIT"
                                                                                }
                                                                            ], 
                                                                            "sub_type": "GET_UNIT_TYPE"
                                                                        }, 
                                                                        {
                                                                            "arg_type": 100035, 
                                                                            "args_list": [
                                                                                "=="
                                                                            ], 
                                                                            "sub_type": 1
                                                                        }, 
                                                                        {
                                                                            "arg_type": 100010, 
                                                                            "args_list": [
                                                                                1
                                                                            ], 
                                                                            "sub_type": 1
                                                                        }
                                                                    ], 
                                                                    "condition_type": "UNIT_TYPE_COMPARE", 
                                                                    "element_id": 15497052180010, 
                                                                    "enable": true
                                                                }
                                                            ], 
                                                            "sub_type": 1
                                                        }, 
                                                        {
                                                            "arg_type": 100022, 
                                                            "args_list": [
                                                                {
                                                                    "action_type": "IMMEDIATELY_CLEAR_CD", 
                                                                    "args_list": [
                                                                        {
                                                                            "arg_type": 100014, 
                                                                            "args_list": [], 
                                                                            "sub_type": "CUR_ABILITY"
                                                                        }
                                                                    ], 
                                                                    "bp": false, 
                                                                    "element_id": 15497052180011, 
                                                                    "enable": true
                                                                }
                                                            ], 
                                                            "sub_type": 1
                                                        }, 
                                                        {
                                                            "arg_type": 100022, 
                                                            "args_list": [], 
                                                            "sub_type": 1
                                                        }
                                                    ], 
                                                    "bp": false, 
                                                    "element_id": 15497052180012, 
                                                    "enable": true, 
                                                    "fake_op": []
                                                }
                                            ], 
                                            "sub_type": 1
                                        }
                                    ], 
                                    "bp": false, 
                                    "element_id": 15497052180013, 
                                    "enable": true, 
                                    "fake_op": [
                                        9
                                    ], 
                                    "op_arg": [
                                        null, 
                                        null, 
                                        null, 
                                        null, 
                                        {
                                            "arg_type": 100176, 
                                            "args_list": [
                                                0
                                            ], 
                                            "sub_type": 1
                                        }, 
                                        {
                                            "arg_type": 100002, 
                                            "args_list": [
                                                200
                                            ], 
                                            "sub_type": 1
                                        }, 
                                        {
                                            "arg_type": 100001, 
                                            "args_list": [
                                                true
                                            ], 
                                            "sub_type": 1
                                        }, 
                                        null, 
                                        null, 
                                        null, 
                                        null, 
                                        null
                                    ], 
                                    "op_arg_enable": [
                                        false, 
                                        false, 
                                        false, 
                                        false, 
                                        true, 
                                        true, 
                                        true, 
                                        false, 
                                        false, 
                                        false, 
                                        false, 
                                        false
                                    ]
                                }, 
                                {
                                    "action_type": "REMOVE_UNIT_MOVER", 
                                    "args_list": [
                                        {
                                            "arg_type": 100006, 
                                            "args_list": [
                                                [
                                                    "UNIT_ENTITY", 
                                                    "u", 
                                                    "actor"
                                                ], 
                                                null
                                            ], 
                                            "sub_type": 11
                                        }
                                    ], 
                                    "bp": false, 
                                    "element_id": 15497052180014, 
                                    "enable": true
                                }
                            ], 
                            "sub_type": 1
                        }, 
                        {
                            "arg_type": 100022, 
                            "args_list": [], 
                            "sub_type": 1
                        }
                    ], 
                    "bp": false, 
                    "element_id": 15497052180052, 
                    "enable": true, 
                    "fake_op": [
                        8
                    ], 
                    "op_arg": [
                        null, 
                        null, 
                        null, 
                        null, 
                        null, 
                        {
                            "arg_type": 100176, 
                            "args_list": [
                                0
                            ], 
                            "sub_type": 1
                        }, 
                        {
                            "arg_type": 100000, 
                            "args_list": [
                                150.0
                            ], 
                            "sub_type": 1
                        }, 
                        null, 
                        null, 
                        {
                            "arg_type": 100001, 
                            "args_list": [
                                true
                            ], 
                            "sub_type": 1
                        }, 
                        null, 
                        null
                    ], 
                    "op_arg_enable": [
                        false, 
                        false, 
                        false, 
                        false, 
                        false, 
                        true, 
                        true, 
                        false, 
                        false, 
                        true, 
                        false, 
                        false
                    ]
                }
            ], 
            "call_enabled": true, 
            "condition": [], 
            "enabled": true, 
            "event": [
                {
                    "args_list": [], 
                    "element_id": 15497052180002, 
                    "enable": true, 
                    "event_type": "ABILITY_PS_END"
                }
            ], 
            "group_id": 201385902, 
            "p_trigger_id": null, 
            "trigger_id": 1549705218, 
            "trigger_name": "The_new_trigger_2", 
            "valid": false
        }
    }, 
    "trigger_version": "1.2", 
    "variable_dict": {
        "BOOLEAN": {}, 
        "LINK_SFX_ENTITY": {
            "beam": 0
        }, 
        "PROJECTILE_ENTITY": {
            "\u6280\u80fd\u7279\u6548": 0
        }, 
        "UNIT_ENTITY": {
            "u": 0, 
            "\u6280\u80fd\u62e5\u6709\u80051335": 0
        }
    }, 
    "variable_group_info": [
        [
            "\u6280\u80fd\u62e5\u6709\u80051335", 
            "(\u6280\u80fd\u62e5\u6709\u80051335)"
        ], 
        [
            "\u6280\u80fd\u7279\u6548", 
            "(\u6280\u80fd\u7279\u6548)"
        ], 
        [
            "u", 
            "(u)"
        ], 
        [
            "beam", 
            "(beam)"
        ]
    ], 
    "variable_length_dict": {
        "beam": 0, 
        "u": 0, 
        "\u6280\u80fd\u62e5\u6709\u80051335": 0, 
        "\u6280\u80fd\u7279\u6548": 0
    }, 
    "variable_type_dict": {
        "beam": false, 
        "u": false, 
        "\u6280\u80fd\u62e5\u6709\u80051335": false, 
        "\u6280\u80fd\u7279\u6548": false
    }
}