{
    "attach_model_list": {
        "__tuple__": true, 
        "items": []
    }, 
    "cycle_time": 0, 
    "desc": -211876516, 
    "description": -211876516, 
    "disappear_when_dead": true, 
    "get_effect_list": [
        [
            102833, 
            {
                "__tuple__": true, 
                "items": [
                    0.0, 
                    0.0, 
                    0.5
                ]
            }, 
            {
                "__tuple__": true, 
                "items": [
                    0.0, 
                    0.0, 
                    0.0
                ]
            }, 
            {
                "__tuple__": true, 
                "items": [
                    0.25, 
                    0.5, 
                    2.0
                ]
            }, 
            1.0, 
            "origin", 
            false, 
            0
        ]
    ], 
    "halo_effect": 0, 
    "ign_inf_unit_tag": {
        "__tuple__": true, 
        "items": []
    }, 
    "ign_inf_unit_type": 2, 
    "inf_unit_tag": [], 
    "influence_rng": 100, 
    "is_influence_self": true, 
    "key": 134246638, 
    "kv": {
        "SlowRate": {
            "annotation": "", 
            "desc": "", 
            "etype": 2, 
            "key": "SlowRate", 
            "prop_cls": "PFloat", 
            "remark": "", 
            "type": 1, 
            "value": 0.3
        }
    }, 
    "layer_change_of_cover": 1, 
    "layer_max": 1, 
    "lose_effect_list": {
        "__tuple__": true, 
        "items": []
    }, 
    "material_alpha": 1.0, 
    "material_change": 0, 
    "material_color": {
        "__tuple__": true, 
        "items": [
            255, 
            255, 
            255
        ]
    }, 
    "material_color_intensity": 1.0, 
    "modifier_cover_type": 1, 
    "modifier_effect": 3, 
    "modifier_icon": 106739, 
    "modifier_type": 1, 
    "name": 844709647, 
    "same_origin_cover": true, 
    "shield_change_of_cover": 2, 
    "shield_type": 1, 
    "shield_value": 0, 
    "show_on_ui": false, 
    "sound_event_list": {
        "__tuple__": true, 
        "items": []
    }, 
    "suffix": "*", 
    "tags": {
        "__tuple__": true, 
        "items": [
            "\u63a7\u5236"
        ]
    }, 
    "target_allow": 1, 
    "time_change_of_cover": 1, 
    "uid": "134246638"
}