{
    "local_variable": {}, 
    "trigger_dict": {
        "462630915": {
            "action": [
                {
                    "action_type": "PLAY_ANIMATION", 
                    "args_list": [
                        {
                            "arg_type": 100006, 
                            "args_list": [], 
                            "sub_type": "ABILITY_OWNER"
                        }, 
                        {
                            "arg_type": 100003, 
                            "args_list": [
                                "ability_3_start"
                            ], 
                            "sub_type": 1
                        }, 
                        {
                            "arg_type": 100000, 
                            "args_list": [
                                1.0
                            ], 
                            "sub_type": 1
                        }, 
                        {
                            "arg_type": 100000, 
                            "args_list": [
                                0.0
                            ], 
                            "sub_type": 1
                        }, 
                        {
                            "arg_type": 100000, 
                            "args_list": [
                                -1.0
                            ], 
                            "sub_type": 1
                        }, 
                        {
                            "arg_type": 100001, 
                            "args_list": [
                                false
                            ], 
                            "sub_type": 1
                        }, 
                        {
                            "arg_type": 100001, 
                            "args_list": [
                                true
                            ], 
                            "sub_type": 1
                        }
                    ], 
                    "bp": false, 
                    "element_id": 468496386000051, 
                    "enable": true
                }
            ], 
            "call_enabled": true, 
            "condition": [], 
            "enabled": true, 
            "event": [
                {
                    "args_list": [], 
                    "element_id": 462630915000003, 
                    "enable": true, 
                    "event_type": "ABILITY_PS_START"
                }
            ], 
            "group_id": 134271491, 
            "p_trigger_id": null, 
            "trigger_id": 462630915, 
            "trigger_name": "\u65b0\u5efa\u89e6\u53d1\u5668_2", 
            "valid": true
        }, 
        "1272729603": {
            "action": [
                {
                    "action_type": "IF_THEN_ELSE", 
                    "args_list": [
                        {
                            "arg_type": 100021, 
                            "args_list": [
                                {
                                    "args_list": [
                                        {
                                            "arg_type": 100014, 
                                            "args_list": [
                                                {
                                                    "arg_type": 100006, 
                                                    "args_list": [
                                                        {
                                                            "arg_type": 100014, 
                                                            "args_list": [], 
                                                            "sub_type": "CUR_ABILITY"
                                                        }
                                                    ], 
                                                    "sub_type": "GET_ABILITY_OWNER"
                                                }, 
                                                {
                                                    "arg_type": 100182, 
                                                    "args_list": [
                                                        0
                                                    ], 
                                                    "sub_type": 1
                                                }, 
                                                {
                                                    "arg_type": 100039, 
                                                    "args_list": [
                                                        134261405
                                                    ], 
                                                    "sub_type": 1
                                                }
                                            ], 
                                            "sub_type": "GET_ABILITY_BY_AID"
                                        }
                                    ], 
                                    "condition_type": "TYPE_IS_EXIST", 
                                    "element_id": 1272729603000002, 
                                    "enable": true
                                }
                            ], 
                            "sub_type": 1
                        }, 
                        {
                            "arg_type": 100022, 
                            "args_list": [
                                {
                                    "action_type": "SET_ABILITY_LEVEL", 
                                    "args_list": [
                                        {
                                            "arg_type": 100014, 
                                            "args_list": [
                                                {
                                                    "arg_type": 100006, 
                                                    "args_list": [
                                                        {
                                                            "arg_type": 100014, 
                                                            "args_list": [], 
                                                            "sub_type": "CUR_ABILITY"
                                                        }
                                                    ], 
                                                    "sub_type": "GET_ABILITY_OWNER"
                                                }, 
                                                {
                                                    "arg_type": 100182, 
                                                    "args_list": [
                                                        0
                                                    ], 
                                                    "sub_type": 1
                                                }, 
                                                {
                                                    "arg_type": 100039, 
                                                    "args_list": [
                                                        134261405
                                                    ], 
                                                    "sub_type": 1
                                                }
                                            ], 
                                            "sub_type": "GET_ABILITY_BY_AID"
                                        }, 
                                        {
                                            "arg_type": 100002, 
                                            "args_list": [
                                                {
                                                    "arg_type": 100014, 
                                                    "args_list": [], 
                                                    "sub_type": "CUR_ABILITY"
                                                }
                                            ], 
                                            "sub_type": "GET_ABILITY_LEVEL"
                                        }
                                    ], 
                                    "bp": false, 
                                    "element_id": 1272729603000003, 
                                    "enable": true
                                }
                            ], 
                            "sub_type": 1
                        }, 
                        {
                            "arg_type": 100022, 
                            "args_list": [], 
                            "sub_type": 1
                        }
                    ], 
                    "bp": false, 
                    "element_id": 1272729603000004, 
                    "enable": true, 
                    "fake_op": []
                }
            ], 
            "call_enabled": true, 
            "condition": [], 
            "enabled": true, 
            "event": [
                {
                    "args_list": [], 
                    "element_id": 1272729603000001, 
                    "enable": true, 
                    "event_type": "ABILITY_LEVEL_CHANGED"
                }
            ], 
            "group_id": 134271491, 
            "p_trigger_id": null, 
            "trigger_id": 1272729603, 
            "trigger_name": "\u65b0\u5efa\u89e6\u53d1\u5668_3", 
            "valid": true
        }, 
        "2045206530": {
            "action": [
                {
                    "action_type": "ADD_MODIFIER", 
                    "args_list": [
                        {
                            "arg_type": 100006, 
                            "args_list": [], 
                            "sub_type": "ABILITY_OWNER"
                        }, 
                        {
                            "arg_type": 100046, 
                            "args_list": [
                                134247634
                            ], 
                            "sub_type": 1
                        }
                    ], 
                    "bp": false, 
                    "element_id": 2045206530000014, 
                    "enable": true, 
                    "op_arg": [
                        {
                            "arg_type": 100006, 
                            "args_list": [], 
                            "sub_type": "ABILITY_OWNER"
                        }, 
                        {
                            "arg_type": 100014, 
                            "args_list": [], 
                            "sub_type": "CUR_ABILITY"
                        }, 
                        {
                            "arg_type": 100002, 
                            "args_list": [
                                3
                            ], 
                            "sub_type": 1
                        }, 
                        {
                            "arg_type": 100000, 
                            "args_list": [
                                0.25
                            ], 
                            "sub_type": 1
                        }, 
                        null
                    ], 
                    "op_arg_enable": [
                        true, 
                        true, 
                        true, 
                        true, 
                        false
                    ]
                }
            ], 
            "call_enabled": true, 
            "condition": [], 
            "enabled": true, 
            "event": [
                {
                    "args_list": [], 
                    "element_id": 2045206530000003, 
                    "enable": true, 
                    "event_type": "ABILITY_SP_END"
                }
            ], 
            "group_id": 134271491, 
            "p_trigger_id": null, 
            "trigger_id": 2045206530, 
            "trigger_name": "\u65b0\u5efa\u89e6\u53d1\u5668", 
            "valid": true
        }
    }, 
    "trigger_version": "1.2", 
    "variable_dict": {}, 
    "variable_group_info": [], 
    "variable_length_dict": {}, 
    "variable_type_dict": {}
}