{
    "local_variable": {}, 
    "trigger_dict": {
        "540196865": {
            "action": [
                {
                    "action_type": "SET_VARIABLE", 
                    "args_list": [
                        {
                            "arg_type": 100030, 
                            "args_list": [
                                [
                                    "INTEGER", 
                                    "n", 
                                    "actor"
                                ]
                            ], 
                            "sub_type": 1
                        }, 
                        {
                            "arg_type": 100002, 
                            "args_list": [
                                {
                                    "arg_type": 100002, 
                                    "args_list": [
                                        1
                                    ], 
                                    "sub_type": 1
                                }, 
                                {
                                    "arg_type": 100002, 
                                    "args_list": [
                                        2
                                    ], 
                                    "sub_type": 1
                                }
                            ], 
                            "sub_type": "RANDOM_INT"
                        }
                    ], 
                    "bp": false, 
                    "element_id": 540196865000002, 
                    "enable": true
                }, 
                {
                    "action_type": "PLAY_ANIMATION", 
                    "args_list": [
                        {
                            "arg_type": 100006, 
                            "args_list": [], 
                            "sub_type": "ABILITY_OWNER"
                        }, 
                        {
                            "arg_type": 100003, 
                            "args_list": [
                                {
                                    "arg_type": 100003, 
                                    "args_list": [
                                        "attack"
                                    ], 
                                    "sub_type": 1
                                }, 
                                {
                                    "arg_type": 100003, 
                                    "args_list": [
                                        {
                                            "arg_type": 100002, 
                                            "args_list": [
                                                [
                                                    "INTEGER", 
                                                    "n", 
                                                    "actor"
                                                ]
                                            ], 
                                            "sub_type": 6
                                        }
                                    ], 
                                    "sub_type": "ANY_VAR_TO_STR"
                                }
                            ], 
                            "op_arg": [
                                null, 
                                null, 
                                null, 
                                null, 
                                null, 
                                null, 
                                null, 
                                null
                            ], 
                            "op_arg_enable": [
                                false, 
                                false, 
                                false, 
                                false, 
                                false, 
                                false, 
                                false, 
                                false
                            ], 
                            "sub_type": "STR_JOIN"
                        }, 
                        {
                            "arg_type": 100000, 
                            "args_list": [
                                {
                                    "arg_type": 100000, 
                                    "args_list": [
                                        {
                                            "arg_type": 100006, 
                                            "args_list": [], 
                                            "sub_type": "ABILITY_OWNER"
                                        }, 
                                        {
                                            "arg_type": 100301, 
                                            "args_list": [
                                                "ATTR_RESULT"
                                            ], 
                                            "sub_type": 1
                                        }, 
                                        {
                                            "arg_type": 100042, 
                                            "args_list": [
                                                "attack_speed"
                                            ], 
                                            "sub_type": 1
                                        }
                                    ], 
                                    "sub_type": "GET_UNIT_ATTR"
                                }, 
                                {
                                    "arg_type": 100017, 
                                    "args_list": [
                                        "/"
                                    ], 
                                    "sub_type": 1
                                }, 
                                {
                                    "arg_type": 100000, 
                                    "args_list": [
                                        100.0
                                    ], 
                                    "sub_type": 1
                                }
                            ], 
                            "sub_type": "ARITHMETIC_OPERATION"
                        }, 
                        {
                            "arg_type": 100000, 
                            "args_list": [
                                0
                            ], 
                            "sub_type": 1
                        }, 
                        {
                            "arg_type": 100000, 
                            "args_list": [
                                -1
                            ], 
                            "sub_type": 1
                        }, 
                        {
                            "arg_type": 100001, 
                            "args_list": [
                                false
                            ], 
                            "sub_type": 1
                        }, 
                        {
                            "arg_type": 100001, 
                            "args_list": [
                                false
                            ], 
                            "sub_type": 1
                        }
                    ], 
                    "bp": false, 
                    "element_id": 540196865000003, 
                    "enable": true
                }
            ], 
            "call_enabled": true, 
            "condition": [], 
            "enabled": true, 
            "event": [
                {
                    "args_list": [], 
                    "element_id": 540196865000001, 
                    "enable": true, 
                    "event_type": "ABILITY_PS_START"
                }
            ], 
            "group_id": 201350426, 
            "p_trigger_id": null, 
            "trigger_id": 540196865, 
            "trigger_name": "Prepare", 
            "valid": true
        }, 
        "825466883": {
            "action": [
                {
                    "action_type": "APPLY_DAMAGE", 
                    "args_list": [
                        {
                            "arg_type": 100006, 
                            "args_list": [], 
                            "sub_type": "ABILITY_OWNER"
                        }, 
                        {
                            "arg_type": 100014, 
                            "args_list": [], 
                            "sub_type": "CUR_ABILITY"
                        }, 
                        {
                            "arg_type": 100006, 
                            "args_list": [
                                {
                                    "arg_type": 100014, 
                                    "args_list": [], 
                                    "sub_type": "CUR_ABILITY"
                                }
                            ], 
                            "sub_type": "TARGET_UNIT_IN_ABILITY"
                        }, 
                        {
                            "arg_type": 100064, 
                            "args_list": [
                                0
                            ], 
                            "sub_type": 1
                        }, 
                        {
                            "arg_type": 100000, 
                            "args_list": [
                                {
                                    "arg_type": 100006, 
                                    "args_list": [], 
                                    "sub_type": "ABILITY_OWNER"
                                }, 
                                {
                                    "arg_type": 100301, 
                                    "args_list": [
                                        "ATTR_RESULT"
                                    ], 
                                    "sub_type": 1
                                }, 
                                {
                                    "arg_type": 100042, 
                                    "args_list": [
                                        "attack_phy"
                                    ], 
                                    "sub_type": 1
                                }
                            ], 
                            "sub_type": "GET_UNIT_ATTR"
                        }, 
                        {
                            "arg_type": 100001, 
                            "args_list": [
                                true
                            ], 
                            "sub_type": 1
                        }
                    ], 
                    "bp": false, 
                    "element_id": 825466883000002, 
                    "enable": true, 
                    "op_arg": [
                        {
                            "arg_type": 100001, 
                            "args_list": [
                                true
                            ], 
                            "sub_type": 1
                        }, 
                        {
                            "arg_type": 100001, 
                            "args_list": [
                                true
                            ], 
                            "sub_type": 1
                        }, 
                        {
                            "arg_type": 100001, 
                            "args_list": [
                                true
                            ], 
                            "sub_type": 1
                        }, 
                        null, 
                        null, 
                        null
                    ], 
                    "op_arg_enable": [
                        false, 
                        false, 
                        false, 
                        false, 
                        false, 
                        false
                    ]
                }, 
                {
                    "action_type": "CREATE_SFX_ON_UNIT_NEW", 
                    "args_list": [
                        {
                            "arg_type": 100066, 
                            "args_list": [
                                102735
                            ], 
                            "sub_type": 1
                        }, 
                        {
                            "arg_type": 100006, 
                            "args_list": [
                                {
                                    "arg_type": 100014, 
                                    "args_list": [], 
                                    "sub_type": "CUR_ABILITY"
                                }
                            ], 
                            "sub_type": "TARGET_UNIT_IN_ABILITY"
                        }, 
                        {
                            "arg_type": 100003, 
                            "args_list": [
                                "hit_point"
                            ], 
                            "sub_type": 1
                        }, 
                        {
                            "arg_type": 500220, 
                            "args_list": [
                                1
                            ], 
                            "sub_type": 1
                        }, 
                        {
                            "arg_type": 100001, 
                            "args_list": [
                                true
                            ], 
                            "sub_type": 1
                        }
                    ], 
                    "bp": false, 
                    "element_id": 825466883000003, 
                    "enable": true, 
                    "op_arg": [
                        {
                            "arg_type": 100000, 
                            "args_list": [
                                0.5
                            ], 
                            "sub_type": 1
                        }, 
                        null, 
                        null, 
                        null
                    ], 
                    "op_arg_enable": [
                        true, 
                        false, 
                        false, 
                        false
                    ]
                }
            ], 
            "call_enabled": true, 
            "condition": [], 
            "enabled": true, 
            "event": [
                {
                    "args_list": [], 
                    "element_id": 825466883000001, 
                    "enable": true, 
                    "event_type": "ABILITY_SP_END"
                }
            ], 
            "group_id": 201350426, 
            "p_trigger_id": null, 
            "trigger_id": 825466883, 
            "trigger_name": "Trigger", 
            "valid": true
        }, 
        "1731411970": {
            "action": [
                {
                    "action_type": "STOP_ANIMATION", 
                    "args_list": [
                        {
                            "arg_type": 100006, 
                            "args_list": [], 
                            "sub_type": "ABILITY_OWNER"
                        }, 
                        {
                            "arg_type": 100003, 
                            "args_list": [
                                {
                                    "arg_type": 100003, 
                                    "args_list": [
                                        "attack"
                                    ], 
                                    "sub_type": 1
                                }, 
                                {
                                    "arg_type": 100003, 
                                    "args_list": [
                                        {
                                            "arg_type": 100002, 
                                            "args_list": [
                                                [
                                                    "INTEGER", 
                                                    "n", 
                                                    "actor"
                                                ]
                                            ], 
                                            "sub_type": 6
                                        }
                                    ], 
                                    "sub_type": "ANY_VAR_TO_STR"
                                }
                            ], 
                            "op_arg": [
                                null, 
                                null, 
                                null, 
                                null, 
                                null, 
                                null, 
                                null, 
                                null
                            ], 
                            "op_arg_enable": [
                                false, 
                                false, 
                                false, 
                                false, 
                                false, 
                                false, 
                                false, 
                                false
                            ], 
                            "sub_type": "STR_JOIN"
                        }
                    ], 
                    "bp": false, 
                    "element_id": 1731411970000002, 
                    "enable": true
                }
            ], 
            "call_enabled": true, 
            "condition": [], 
            "enabled": true, 
            "event": [
                {
                    "args_list": [], 
                    "element_id": 1731411970000001, 
                    "enable": true, 
                    "event_type": "ABILITY_END"
                }
            ], 
            "group_id": 201350426, 
            "p_trigger_id": null, 
            "trigger_id": 1731411970, 
            "trigger_name": "Ability End", 
            "valid": true
        }
    }, 
    "trigger_version": "1.2", 
    "variable_dict": {
        "INTEGER": {
            "n": 0
        }
    }, 
    "variable_group_info": [
        [
            "n", 
            "n"
        ]
    ], 
    "variable_length_dict": {
        "n": 0
    }, 
    "variable_type_dict": {
        "n": false
    }
}