{
    "local_variable": {}, 
    "trigger_dict": {
        "946868225": {
            "action": [
                {
                    "action_type": "SET_VARIABLE", 
                    "args_list": [
                        {
                            "arg_type": 100030, 
                            "args_list": [
                                [
                                    "UNIT_ENTITY", 
                                    "U", 
                                    "actor"
                                ]
                            ], 
                            "sub_type": 1
                        }, 
                        {
                            "arg_type": 100006, 
                            "args_list": [], 
                            "sub_type": "LAST_ADD_ITEM_UNIT"
                        }
                    ], 
                    "bp": false, 
                    "element_id": 789045249910088, 
                    "enable": true
                }, 
                {
                    "action_type": "SET_VARIABLE", 
                    "args_list": [
                        {
                            "arg_type": 100076, 
                            "args_list": [
                                [
                                    "MODIFIER_ENTITY", 
                                    "halo", 
                                    "actor"
                                ], 
                                null
                            ], 
                            "sub_type": 11
                        }, 
                        {
                            "arg_type": 100076, 
                            "args_list": [
                                {
                                    "arg_type": 100006, 
                                    "args_list": [
                                        [
                                            "UNIT_ENTITY", 
                                            "U", 
                                            "actor"
                                        ], 
                                        null
                                    ], 
                                    "sub_type": 11
                                }, 
                                {
                                    "arg_type": 100046, 
                                    "args_list": [
                                        134234355
                                    ], 
                                    "sub_type": 1
                                }
                            ], 
                            "op_arg": [
                                {
                                    "arg_type": 100006, 
                                    "args_list": [
                                        [
                                            "UNIT_ENTITY", 
                                            "U", 
                                            "actor"
                                        ], 
                                        null
                                    ], 
                                    "sub_type": 11
                                }, 
                                {
                                    "arg_type": 100014, 
                                    "args_list": [
                                        {
                                            "arg_type": 100031, 
                                            "args_list": [], 
                                            "sub_type": "CUR_ITEM"
                                        }
                                    ], 
                                    "op_arg": [
                                        null
                                    ], 
                                    "op_arg_enable": [
                                        false
                                    ], 
                                    "sub_type": "GET_ITEM_PASSIVE_ABILITY"
                                }, 
                                null, 
                                null, 
                                null
                            ], 
                            "op_arg_enable": [
                                true, 
                                true, 
                                false, 
                                false, 
                                false
                            ], 
                            "sub_type": "ADD_MODIFIER"
                        }
                    ], 
                    "bp": false, 
                    "element_id": 8462049310051, 
                    "enable": true
                }, 
                {
                    "action_type": "SET_VARIABLE", 
                    "args_list": [
                        {
                            "arg_type": 100076, 
                            "args_list": [
                                [
                                    "MODIFIER_ENTITY", 
                                    "halo_2", 
                                    "actor"
                                ], 
                                null
                            ], 
                            "sub_type": 11
                        }, 
                        {
                            "arg_type": 100076, 
                            "args_list": [
                                {
                                    "arg_type": 100006, 
                                    "args_list": [
                                        [
                                            "UNIT_ENTITY", 
                                            "U", 
                                            "actor"
                                        ], 
                                        null
                                    ], 
                                    "sub_type": 11
                                }, 
                                {
                                    "arg_type": 100046, 
                                    "args_list": [
                                        134258714
                                    ], 
                                    "sub_type": 1
                                }
                            ], 
                            "op_arg": [
                                {
                                    "arg_type": 100006, 
                                    "args_list": [
                                        [
                                            "UNIT_ENTITY", 
                                            "U", 
                                            "actor"
                                        ], 
                                        null
                                    ], 
                                    "sub_type": 11
                                }, 
                                {
                                    "arg_type": 100014, 
                                    "args_list": [
                                        {
                                            "arg_type": 100031, 
                                            "args_list": [], 
                                            "sub_type": "CUR_ITEM"
                                        }
                                    ], 
                                    "op_arg": [
                                        null
                                    ], 
                                    "op_arg_enable": [
                                        false
                                    ], 
                                    "sub_type": "GET_ITEM_PASSIVE_ABILITY"
                                }, 
                                null, 
                                null, 
                                null
                            ], 
                            "op_arg_enable": [
                                true, 
                                true, 
                                false, 
                                false, 
                                false
                            ], 
                            "sub_type": "ADD_MODIFIER"
                        }
                    ], 
                    "bp": false, 
                    "element_id": 8462049310076, 
                    "enable": true
                }
            ], 
            "call_enabled": true, 
            "condition": [], 
            "enabled": true, 
            "event": [
                {
                    "args_list": [], 
                    "element_id": 9468682250001, 
                    "enable": true, 
                    "event_type": "ITEM_ADD_EVENT"
                }
            ], 
            "group_id": 134218218, 
            "p_trigger_id": null, 
            "trigger_id": 946868225, 
            "trigger_name": "\u65b0\u5efa\u89e6\u53d1\u5668", 
            "valid": true
        }, 
        "2053382148": {
            "action": [
                {
                    "action_type": "REMOVE_BUFF_INS", 
                    "args_list": [
                        {
                            "arg_type": 100076, 
                            "args_list": [
                                [
                                    "MODIFIER_ENTITY", 
                                    "halo", 
                                    "actor"
                                ], 
                                null
                            ], 
                            "sub_type": 11
                        }
                    ], 
                    "bp": false, 
                    "element_id": 20533821480007, 
                    "enable": true
                }, 
                {
                    "action_type": "REMOVE_BUFF_INS", 
                    "args_list": [
                        {
                            "arg_type": 100076, 
                            "args_list": [
                                [
                                    "MODIFIER_ENTITY", 
                                    "halo_2", 
                                    "actor"
                                ], 
                                null
                            ], 
                            "sub_type": 11
                        }
                    ], 
                    "bp": false, 
                    "element_id": 20533821480009, 
                    "enable": true
                }
            ], 
            "call_enabled": true, 
            "condition": [], 
            "enabled": true, 
            "event": [
                {
                    "args_list": [], 
                    "element_id": 20533821480002, 
                    "enable": true, 
                    "event_type": "ITEM_REMOVE_EVENT"
                }
            ], 
            "group_id": 134218218, 
            "p_trigger_id": null, 
            "trigger_id": 2053382148, 
            "trigger_name": "\u65b0\u5efa\u89e6\u53d1\u5668_2", 
            "valid": true
        }
    }, 
    "trigger_group_info": [
        {
            "_trigger_group_": true, 
            "group": [
                [
                    946868225, 
                    "\u65b0\u5efa\u89e6\u53d1\u5668"
                ], 
                [
                    2053382148, 
                    "\u65b0\u5efa\u89e6\u53d1\u5668_2"
                ]
            ], 
            "key": 134218218, 
            "name": "134218218"
        }
    ], 
    "trigger_version": "1.2", 
    "variable_dict": {
        "DYNAMIC_TRIGGER_INSTANCE": {
            "trigger": 0
        }, 
        "MODIFIER_ENTITY": {
            "halo": 0, 
            "halo_2": 0
        }, 
        "UNIT_ENTITY": {
            "U": 0
        }
    }, 
    "variable_group_info": [
        [
            "trigger", 
            "(trigger)"
        ], 
        [
            "halo", 
            "(halo)"
        ], 
        [
            "halo_2", 
            "(halo_2)"
        ], 
        [
            "U", 
            "(U)"
        ]
    ], 
    "variable_length_dict": {
        "U": 0, 
        "halo": 0, 
        "halo_2": 0, 
        "trigger": 0
    }
}