{
    "local_variable": {}, 
    "trigger_dict": {
        "705282049": {
            "action": [
                {
                    "action_type": "SET_VARIABLE", 
                    "args_list": [
                        {
                            "arg_type": 100030, 
                            "args_list": [
                                [
                                    "UNIT_ENTITY", 
                                    "U", 
                                    "actor"
                                ]
                            ], 
                            "sub_type": 1
                        }, 
                        {
                            "arg_type": 100006, 
                            "args_list": [], 
                            "sub_type": "LAST_ADD_ITEM_UNIT"
                        }
                    ], 
                    "bp": false, 
                    "element_id": 789045249910088, 
                    "enable": true
                }, 
                800509955
            ], 
            "call_enabled": true, 
            "condition": [], 
            "enabled": true, 
            "event": [
                {
                    "args_list": [], 
                    "element_id": 7052820490001, 
                    "enable": true, 
                    "event_type": "ITEM_ADD_EVENT"
                }
            ], 
            "group_id": 134278589, 
            "p_trigger_id": null, 
            "trigger_id": 705282049, 
            "trigger_name": "\u65b0\u5efa\u89e6\u53d1\u5668", 
            "valid": true
        }, 
        "800509955": {
            "action": [
                {
                    "action_type": "RESTART_COLDDOWN", 
                    "args_list": [
                        {
                            "arg_type": 100014, 
                            "args_list": [
                                {
                                    "arg_type": 100076, 
                                    "args_list": [
                                        {
                                            "arg_type": 100006, 
                                            "args_list": [
                                                [
                                                    "UNIT_ENTITY", 
                                                    "U", 
                                                    "actor"
                                                ], 
                                                null
                                            ], 
                                            "sub_type": 11
                                        }, 
                                        {
                                            "arg_type": 100046, 
                                            "args_list": [
                                                134272772
                                            ], 
                                            "sub_type": 1
                                        }
                                    ], 
                                    "sub_type": "GET_LAST_MODIFIER_INSTANCE"
                                }
                            ], 
                            "sub_type": "RELATED_ABILITY"
                        }
                    ], 
                    "bp": false, 
                    "element_id": 800509955000006, 
                    "enable": true
                }, 
                {
                    "action_type": "ADD_MODIFIER", 
                    "args_list": [
                        {
                            "arg_type": 100006, 
                            "args_list": [
                                [
                                    "UNIT_ENTITY", 
                                    "U", 
                                    "actor"
                                ], 
                                null
                            ], 
                            "sub_type": 11
                        }, 
                        {
                            "arg_type": 100046, 
                            "args_list": [
                                134265795
                            ], 
                            "sub_type": 1
                        }
                    ], 
                    "bp": false, 
                    "element_id": 800509955000007, 
                    "enable": true, 
                    "op_arg": [
                        {
                            "arg_type": 100006, 
                            "args_list": [
                                [
                                    "UNIT_ENTITY", 
                                    "U", 
                                    "actor"
                                ], 
                                null
                            ], 
                            "sub_type": 11
                        }, 
                        {
                            "arg_type": 100014, 
                            "args_list": [
                                {
                                    "arg_type": 100031, 
                                    "args_list": [], 
                                    "sub_type": "CUR_ITEM"
                                }
                            ], 
                            "op_arg": [
                                null
                            ], 
                            "op_arg_enable": [
                                false
                            ], 
                            "sub_type": "GET_ITEM_PASSIVE_ABILITY"
                        }, 
                        {
                            "arg_type": 100000, 
                            "args_list": [
                                3.0
                            ], 
                            "sub_type": 1
                        }, 
                        null, 
                        null
                    ], 
                    "op_arg_enable": [
                        true, 
                        true, 
                        true, 
                        false, 
                        false
                    ]
                }
            ], 
            "call_enabled": true, 
            "condition": [
                {
                    "args_list": [
                        {
                            "arg_type": 100182, 
                            "args_list": [
                                {
                                    "arg_type": 100014, 
                                    "args_list": [], 
                                    "sub_type": "DAMAGE_ABILITY"
                                }
                            ], 
                            "sub_type": "TYPE_OF_ABILITY"
                        }, 
                        {
                            "arg_type": 100035, 
                            "args_list": [
                                "!="
                            ], 
                            "sub_type": 1
                        }, 
                        {
                            "arg_type": 100182, 
                            "args_list": [
                                1
                            ], 
                            "sub_type": 1
                        }
                    ], 
                    "condition_type": "ABILITY_TYPE_COMPARE", 
                    "element_id": 800509955000002, 
                    "enable": true
                }, 
                {
                    "args_list": [
                        {
                            "arg_type": 100021, 
                            "args_list": [
                                {
                                    "args_list": [
                                        {
                                            "arg_type": 100014, 
                                            "args_list": [], 
                                            "sub_type": "DAMAGE_ABILITY"
                                        }, 
                                        {
                                            "arg_type": 100003, 
                                            "args_list": [
                                                "system"
                                            ], 
                                            "sub_type": 1
                                        }
                                    ], 
                                    "condition_type": "ABILITY_HAS_TAG", 
                                    "element_id": 800509955000003, 
                                    "enable": true
                                }
                            ], 
                            "sub_type": 1
                        }
                    ], 
                    "condition_type": "NOT", 
                    "element_id": 800509955000004, 
                    "enable": true
                }
            ], 
            "enabled": false, 
            "event": [
                {
                    "args_list": [
                        {
                            "arg_type": 100006, 
                            "args_list": [
                                [
                                    "UNIT_ENTITY", 
                                    "U", 
                                    "actor"
                                ], 
                                null
                            ], 
                            "sub_type": 11
                        }, 
                        {
                            "arg_type": 100007, 
                            "args_list": [
                                "ET_UNIT_RELEASE_ABILITY"
                            ], 
                            "sub_type": 1
                        }
                    ], 
                    "element_id": 800509955000001, 
                    "enable": true, 
                    "event_type": "SPECIAL_UNIT_EVENT"
                }
            ], 
            "group_id": 0, 
            "is_conf": true, 
            "p_trigger_id": 705282049, 
            "sub_trigger_owner_set_var_action": {
                "action_type": "SET_VARIABLE", 
                "args_list": [
                    {
                        "arg_type": 100178, 
                        "args_list": [
                            [
                                "DYNAMIC_TRIGGER_INSTANCE", 
                                "\u8bdb\u90aa\u56db\u9636", 
                                "actor"
                            ], 
                            null
                        ], 
                        "sub_type": "VARIABLE"
                    }, 
                    {
                        "arg_type": 100178, 
                        "args_list": [
                            {
                                "arg_type": 1000673, 
                                "args_list": [
                                    800509955
                                ], 
                                "sub_type": 1
                            }
                        ], 
                        "sub_type": "REG_ITEM_TRIGGER"
                    }
                ], 
                "bp": false, 
                "element_id": 705282049910091, 
                "enable": true
            }, 
            "trigger_id": 800509955, 
            "trigger_name": "\u8bdb\u90aa4\u9636_2", 
            "valid": true
        }, 
        "1275277318": {
            "action": [
                {
                    "action_type": "REMOVE_BUFF_TYPE", 
                    "args_list": [
                        {
                            "arg_type": 100006, 
                            "args_list": [
                                [
                                    "UNIT_ENTITY", 
                                    "U", 
                                    "actor"
                                ], 
                                null
                            ], 
                            "sub_type": 11
                        }, 
                        {
                            "arg_type": 100046, 
                            "args_list": [
                                134265795
                            ], 
                            "sub_type": 1
                        }
                    ], 
                    "bp": false, 
                    "element_id": 12752773180013, 
                    "enable": true
                }, 
                {
                    "action_type": "UNREG_TRIGGER", 
                    "args_list": [
                        {
                            "arg_type": 100178, 
                            "args_list": [
                                [
                                    "DYNAMIC_TRIGGER_INSTANCE", 
                                    "\u8bdb\u90aa\u56db\u9636", 
                                    "actor"
                                ], 
                                null
                            ], 
                            "sub_type": "VARIABLE"
                        }
                    ], 
                    "bp": false, 
                    "element_id": 12752773180006, 
                    "enable": true
                }
            ], 
            "call_enabled": true, 
            "condition": [], 
            "enabled": true, 
            "event": [
                {
                    "args_list": [], 
                    "element_id": 12752773180002, 
                    "enable": true, 
                    "event_type": "ITEM_REMOVE_EVENT"
                }
            ], 
            "group_id": 134278589, 
            "p_trigger_id": null, 
            "trigger_id": 1275277318, 
            "trigger_name": "\u65b0\u5efa\u89e6\u53d1\u5668_2", 
            "valid": true
        }
    }, 
    "trigger_group_info": [
        [
            800509955, 
            "\u8bdb\u90aa4\u9636_2"
        ], 
        {
            "_trigger_group_": true, 
            "group": [
                [
                    705282049, 
                    "\u65b0\u5efa\u89e6\u53d1\u5668"
                ], 
                [
                    1275277318, 
                    "\u65b0\u5efa\u89e6\u53d1\u5668_2"
                ]
            ], 
            "key": 134278589, 
            "name": "134278589"
        }
    ], 
    "trigger_version": "1.2", 
    "variable_dict": {
        "DYNAMIC_TRIGGER_INSTANCE": {
            "\u8bdb\u90aa\u4e8c\u9636": 0, 
            "\u8bdb\u90aa\u56db\u9636": 0
        }, 
        "UNIT_ENTITY": {
            "U": 0
        }
    }, 
    "variable_group_info": [
        [
            "\u8bdb\u90aa\u56db\u9636", 
            "(\u8bdb\u90aa\u56db\u9636)"
        ], 
        [
            "\u8bdb\u90aa\u4e8c\u9636", 
            "(\u8bdb\u90aa\u4e8c\u9636)"
        ], 
        [
            "U", 
            "(U)"
        ]
    ], 
    "variable_length_dict": {
        "U": 0, 
        "\u8bdb\u90aa\u4e8c\u9636": 0, 
        "\u8bdb\u90aa\u56db\u9636": 0
    }
}