{
    "local_variable": {}, 
    "trigger_dict": {
        "24829963": {
            "action": [
                {
                    "action_type": "ADD_BUFF_STACK", 
                    "args_list": [
                        {
                            "arg_type": 100076, 
                            "args_list": [
                                {
                                    "arg_type": 100006, 
                                    "args_list": [], 
                                    "sub_type": "LAST_REMOVE_ITEM_UNIT"
                                }, 
                                {
                                    "arg_type": 100046, 
                                    "args_list": [
                                        134219822
                                    ], 
                                    "sub_type": 1
                                }
                            ], 
                            "sub_type": "GET_LAST_MODIFIER_INSTANCE"
                        }, 
                        {
                            "arg_type": 100002, 
                            "args_list": [
                                -1
                            ], 
                            "sub_type": 1
                        }
                    ], 
                    "bp": false, 
                    "element_id": 248299630003, 
                    "enable": true
                }, 
                {
                    "action_type": "ADD_BUFF_STACK", 
                    "args_list": [
                        {
                            "arg_type": 100076, 
                            "args_list": [
                                {
                                    "arg_type": 100006, 
                                    "args_list": [], 
                                    "sub_type": "LAST_REMOVE_ITEM_UNIT"
                                }, 
                                {
                                    "arg_type": 100046, 
                                    "args_list": [
                                        134221019
                                    ], 
                                    "sub_type": 1
                                }
                            ], 
                            "sub_type": "GET_LAST_MODIFIER_INSTANCE"
                        }, 
                        {
                            "arg_type": 100002, 
                            "args_list": [
                                -1
                            ], 
                            "sub_type": 1
                        }
                    ], 
                    "bp": false, 
                    "element_id": 248299630004, 
                    "enable": true
                }
            ], 
            "call_enabled": true, 
            "condition": [], 
            "enabled": true, 
            "event": [
                {
                    "args_list": [], 
                    "element_id": 248299630001, 
                    "enable": true, 
                    "event_type": "ITEM_REMOVE_EVENT"
                }
            ], 
            "group_id": 134269247, 
            "p_trigger_id": null, 
            "trigger_id": 24829963, 
            "trigger_name": "\u65b0\u5efa\u89e6\u53d1\u5668_3", 
            "valid": true
        }, 
        "189644812": {
            "action": [
                {
                    "action_type": "SET_BUFF_REMAINING", 
                    "args_list": [
                        {
                            "arg_type": 100076, 
                            "args_list": [], 
                            "sub_type": "GET_MODIFIER_FROM_EVENT"
                        }, 
                        {
                            "arg_type": 100000, 
                            "args_list": [
                                {
                                    "arg_type": 100000, 
                                    "args_list": [
                                        {
                                            "arg_type": 100076, 
                                            "args_list": [], 
                                            "sub_type": "GET_MODIFIER_FROM_EVENT"
                                        }
                                    ], 
                                    "sub_type": "GET_BUFF_REMAINING"
                                }, 
                                {
                                    "arg_type": 100017, 
                                    "args_list": [
                                        "*"
                                    ], 
                                    "sub_type": 1
                                }, 
                                {
                                    "arg_type": 100000, 
                                    "args_list": [
                                        0.65
                                    ], 
                                    "sub_type": 1
                                }
                            ], 
                            "sub_type": "ARITHMETIC_OPERATION"
                        }
                    ], 
                    "bp": false, 
                    "element_id": 189644812000003, 
                    "enable": true
                }
            ], 
            "call_enabled": true, 
            "condition": [
                {
                    "args_list": [
                        {
                            "arg_type": 100076, 
                            "args_list": [], 
                            "sub_type": "GET_MODIFIER_FROM_EVENT"
                        }, 
                        {
                            "arg_type": 100003, 
                            "args_list": [
                                "\u63a7\u5236"
                            ], 
                            "sub_type": 1
                        }
                    ], 
                    "condition_type": "PROJECTILE_HAS_TAG", 
                    "element_id": 189644812000002, 
                    "enable": true
                }
            ], 
            "enabled": false, 
            "event": [
                {
                    "args_list": [
                        {
                            "arg_type": 100129, 
                            "args_list": [
                                "ET_OBTAIN_MODIFIER"
                            ], 
                            "sub_type": 1
                        }
                    ], 
                    "element_id": 189644812000001, 
                    "enable": true, 
                    "event_type": "GLOBAL_MODIFIER_EVENT"
                }
            ], 
            "group_id": 0, 
            "is_conf": true, 
            "p_trigger_id": 528146433, 
            "sub_trigger_owner_set_var_action": {
                "action_type": "SET_VARIABLE", 
                "args_list": [
                    {
                        "arg_type": 100178, 
                        "args_list": [
                            [
                                "DYNAMIC_TRIGGER_INSTANCE", 
                                "Tr_toughness", 
                                "actor"
                            ], 
                            null
                        ], 
                        "sub_type": "VARIABLE"
                    }, 
                    {
                        "arg_type": 100178, 
                        "args_list": [
                            {
                                "arg_type": 1000673, 
                                "args_list": [
                                    189644812
                                ], 
                                "sub_type": 1
                            }
                        ], 
                        "sub_type": "REG_ITEM_TRIGGER"
                    }
                ], 
                "bp": false, 
                "element_id": 528146433800005, 
                "enable": true
            }, 
            "trigger_id": 189644812, 
            "trigger_name": "\u5b50\u89e6\u53d1\u5668", 
            "valid": true
        }, 
        "528146433": {
            "action": [
                {
                    "action_type": "SET_VARIABLE", 
                    "args_list": [
                        {
                            "arg_type": 100030, 
                            "args_list": [
                                [
                                    "UNIT_ENTITY", 
                                    "U", 
                                    "actor"
                                ]
                            ], 
                            "sub_type": 1
                        }, 
                        {
                            "arg_type": 100006, 
                            "args_list": [], 
                            "sub_type": "LAST_ADD_ITEM_UNIT"
                        }
                    ], 
                    "bp": false, 
                    "element_id": 912965633800002, 
                    "enable": true
                }, 
                {
                    "action_type": "IF_THEN_ELSE", 
                    "args_list": [
                        {
                            "arg_type": 100021, 
                            "args_list": [
                                {
                                    "args_list": [
                                        {
                                            "arg_type": 100000, 
                                            "args_list": [
                                                {
                                                    "arg_type": 100031, 
                                                    "args_list": [], 
                                                    "sub_type": "CUR_ITEM"
                                                }, 
                                                {
                                                    "arg_type": 100003, 
                                                    "args_list": [
                                                        "\u5f53\u524d\u7b49\u7ea7"
                                                    ], 
                                                    "sub_type": 1
                                                }
                                            ], 
                                            "sub_type": "GET_FLOAT_KV"
                                        }, 
                                        {
                                            "arg_type": 100015, 
                                            "args_list": [
                                                ">="
                                            ], 
                                            "sub_type": 1
                                        }, 
                                        {
                                            "arg_type": 100000, 
                                            "args_list": [
                                                2.0
                                            ], 
                                            "sub_type": 1
                                        }
                                    ], 
                                    "condition_type": "FLOAT_COMPARE", 
                                    "element_id": 18444697610029, 
                                    "enable": true
                                }
                            ], 
                            "sub_type": 1
                        }, 
                        {
                            "arg_type": 100022, 
                            "args_list": [], 
                            "sub_type": 1
                        }, 
                        {
                            "arg_type": 100022, 
                            "args_list": [], 
                            "sub_type": 1
                        }
                    ], 
                    "bp": false, 
                    "element_id": 18444697610027, 
                    "enable": true, 
                    "fake_op": []
                }, 
                {
                    "action_type": "ADD_MODIFIER", 
                    "args_list": [
                        {
                            "arg_type": 100006, 
                            "args_list": [], 
                            "sub_type": "LAST_ADD_ITEM_UNIT"
                        }, 
                        {
                            "arg_type": 100046, 
                            "args_list": [
                                134219822
                            ], 
                            "sub_type": 1
                        }
                    ], 
                    "bp": false, 
                    "element_id": 18444697610025, 
                    "enable": true, 
                    "op_arg": [
                        null, 
                        null, 
                        null, 
                        null, 
                        null
                    ], 
                    "op_arg_enable": [
                        false, 
                        false, 
                        false, 
                        false, 
                        false
                    ]
                }, 
                {
                    "action_type": "ADD_MODIFIER", 
                    "args_list": [
                        {
                            "arg_type": 100006, 
                            "args_list": [], 
                            "sub_type": "LAST_ADD_ITEM_UNIT"
                        }, 
                        {
                            "arg_type": 100046, 
                            "args_list": [
                                134221019
                            ], 
                            "sub_type": 1
                        }
                    ], 
                    "bp": false, 
                    "element_id": 18444697610039, 
                    "enable": true, 
                    "op_arg": [
                        null, 
                        null, 
                        null, 
                        null, 
                        null
                    ], 
                    "op_arg_enable": [
                        false, 
                        false, 
                        false, 
                        false, 
                        false
                    ]
                }, 
                189644812, 
                1078902796, 
                1112477708
            ], 
            "call_enabled": true, 
            "condition": [], 
            "enabled": true, 
            "event": [
                {
                    "args_list": [], 
                    "element_id": 5281464330001, 
                    "enable": true, 
                    "event_type": "ITEM_ADD_EVENT"
                }
            ], 
            "group_id": 134269247, 
            "p_trigger_id": null, 
            "trigger_id": 528146433, 
            "trigger_name": "\u65b0\u5efa\u89e6\u53d1\u5668", 
            "valid": true
        }, 
        "1078902796": {
            "action": [
                {
                    "action_type": "IF_THEN_ELSE", 
                    "args_list": [
                        {
                            "arg_type": 100021, 
                            "args_list": [
                                {
                                    "args_list": [
                                        {
                                            "arg_type": 100001, 
                                            "args_list": [
                                                [
                                                    "BOOLEAN", 
                                                    "speedUp?", 
                                                    "actor"
                                                ], 
                                                null
                                            ], 
                                            "sub_type": "VARIABLE"
                                        }, 
                                        {
                                            "arg_type": 100035, 
                                            "args_list": [
                                                "=="
                                            ], 
                                            "sub_type": 1
                                        }, 
                                        {
                                            "arg_type": 100001, 
                                            "args_list": [
                                                false
                                            ], 
                                            "sub_type": 1
                                        }
                                    ], 
                                    "condition_type": "BOOL_COMPARE", 
                                    "element_id": 1078902796000003, 
                                    "enable": true
                                }
                            ], 
                            "sub_type": 1
                        }, 
                        {
                            "arg_type": 100022, 
                            "args_list": [
                                {
                                    "action_type": "SET_VARIABLE", 
                                    "args_list": [
                                        {
                                            "arg_type": 100030, 
                                            "args_list": [
                                                [
                                                    "BOOLEAN", 
                                                    "speedUp?", 
                                                    "actor"
                                                ]
                                            ], 
                                            "sub_type": 1
                                        }, 
                                        {
                                            "arg_type": 100001, 
                                            "args_list": [
                                                true
                                            ], 
                                            "sub_type": 1
                                        }
                                    ], 
                                    "bp": false, 
                                    "element_id": 1078902796000004, 
                                    "enable": true
                                }, 
                                {
                                    "action_type": "SET_VARIABLE", 
                                    "args_list": [
                                        {
                                            "arg_type": 100000, 
                                            "args_list": [
                                                [
                                                    "FLOAT", 
                                                    "Fl_spdAdd", 
                                                    "actor"
                                                ], 
                                                null
                                            ], 
                                            "sub_type": 2
                                        }, 
                                        {
                                            "arg_type": 100000, 
                                            "args_list": [
                                                {
                                                    "arg_type": 100000, 
                                                    "args_list": [
                                                        {
                                                            "arg_type": 100006, 
                                                            "args_list": [
                                                                {
                                                                    "arg_type": 100031, 
                                                                    "args_list": [], 
                                                                    "sub_type": "CUR_ITEM"
                                                                }
                                                            ], 
                                                            "sub_type": "ITEM_OWNER"
                                                        }, 
                                                        {
                                                            "arg_type": 100301, 
                                                            "args_list": [
                                                                "ATTR_RESULT"
                                                            ], 
                                                            "sub_type": 1
                                                        }, 
                                                        {
                                                            "arg_type": 100042, 
                                                            "args_list": [
                                                                "ori_speed"
                                                            ], 
                                                            "sub_type": 1
                                                        }
                                                    ], 
                                                    "sub_type": "GET_UNIT_ATTR"
                                                }, 
                                                {
                                                    "arg_type": 100017, 
                                                    "args_list": [
                                                        "*"
                                                    ], 
                                                    "sub_type": 1
                                                }, 
                                                {
                                                    "arg_type": 100000, 
                                                    "args_list": [
                                                        0.05
                                                    ], 
                                                    "sub_type": 1
                                                }
                                            ], 
                                            "sub_type": "ARITHMETIC_OPERATION"
                                        }
                                    ], 
                                    "bp": false, 
                                    "element_id": 1078902796000005, 
                                    "enable": true
                                }, 
                                {
                                    "action_type": "ADD_ITEM_ATTR", 
                                    "args_list": [
                                        {
                                            "arg_type": 100031, 
                                            "args_list": [], 
                                            "sub_type": "CUR_ITEM"
                                        }, 
                                        {
                                            "arg_type": 100300, 
                                            "args_list": [
                                                "ATTR_BONUS"
                                            ], 
                                            "sub_type": 1
                                        }, 
                                        {
                                            "arg_type": 100042, 
                                            "args_list": [
                                                "ori_speed"
                                            ], 
                                            "sub_type": 1
                                        }, 
                                        {
                                            "arg_type": 100000, 
                                            "args_list": [
                                                [
                                                    "FLOAT", 
                                                    "Fl_spdAdd", 
                                                    "actor"
                                                ], 
                                                null
                                            ], 
                                            "sub_type": 2
                                        }
                                    ], 
                                    "bp": false, 
                                    "element_id": 1078902796000006, 
                                    "enable": true
                                }
                            ], 
                            "sub_type": 1
                        }, 
                        {
                            "arg_type": 100022, 
                            "args_list": [], 
                            "sub_type": 1
                        }
                    ], 
                    "bp": false, 
                    "element_id": 1078902796000007, 
                    "enable": true, 
                    "fake_op": []
                }
            ], 
            "call_enabled": true, 
            "condition": [
                {
                    "args_list": [
                        {
                            "arg_type": 100006, 
                            "args_list": [
                                {
                                    "arg_type": 100031, 
                                    "args_list": [], 
                                    "sub_type": "CUR_ITEM"
                                }
                            ], 
                            "sub_type": "ITEM_OWNER"
                        }, 
                        {
                            "arg_type": 100174, 
                            "args_list": [
                                3
                            ], 
                            "sub_type": 1
                        }
                    ], 
                    "condition_type": "UNIT_HAS_MODIFIER_STYLE", 
                    "element_id": 1078902796000002, 
                    "enable": true
                }
            ], 
            "enabled": false, 
            "event": [
                {
                    "args_list": [
                        {
                            "arg_type": 100129, 
                            "args_list": [
                                "ET_OBTAIN_MODIFIER"
                            ], 
                            "sub_type": 1
                        }
                    ], 
                    "element_id": 1078902796000001, 
                    "enable": true, 
                    "event_type": "GLOBAL_MODIFIER_EVENT"
                }
            ], 
            "group_id": 0, 
            "is_conf": true, 
            "p_trigger_id": 528146433, 
            "sub_trigger_owner_set_var_action": {
                "action_type": "SET_VARIABLE", 
                "args_list": [
                    {
                        "arg_type": 100178, 
                        "args_list": [
                            [
                                "DYNAMIC_TRIGGER_INSTANCE", 
                                "Tr_spdUp", 
                                "actor"
                            ], 
                            null
                        ], 
                        "sub_type": "VARIABLE"
                    }, 
                    {
                        "arg_type": 100178, 
                        "args_list": [
                            {
                                "arg_type": 1000673, 
                                "args_list": [
                                    1078902796
                                ], 
                                "sub_type": 1
                            }
                        ], 
                        "sub_type": "REG_ITEM_TRIGGER"
                    }
                ], 
                "bp": false, 
                "element_id": 528146433800004, 
                "enable": true
            }, 
            "trigger_id": 1078902796, 
            "trigger_name": "\u5b50\u89e6\u53d1\u5668_6", 
            "valid": true
        }, 
        "1112477708": {
            "action": [
                {
                    "action_type": "SET_VARIABLE", 
                    "args_list": [
                        {
                            "arg_type": 100030, 
                            "args_list": [
                                [
                                    "BOOLEAN", 
                                    "speedUp?", 
                                    "actor"
                                ]
                            ], 
                            "sub_type": 1
                        }, 
                        {
                            "arg_type": 100001, 
                            "args_list": [
                                false
                            ], 
                            "sub_type": 1
                        }
                    ], 
                    "bp": false, 
                    "element_id": 1112477708000004, 
                    "enable": true
                }, 
                {
                    "action_type": "ADD_ITEM_ATTR", 
                    "args_list": [
                        {
                            "arg_type": 100031, 
                            "args_list": [], 
                            "sub_type": "CUR_ITEM"
                        }, 
                        {
                            "arg_type": 100300, 
                            "args_list": [
                                "ATTR_BONUS"
                            ], 
                            "sub_type": 1
                        }, 
                        {
                            "arg_type": 100042, 
                            "args_list": [
                                "ori_speed"
                            ], 
                            "sub_type": 1
                        }, 
                        {
                            "arg_type": 100000, 
                            "args_list": [
                                {
                                    "arg_type": 100000, 
                                    "args_list": [
                                        [
                                            "FLOAT", 
                                            "Fl_spdAdd", 
                                            "actor"
                                        ], 
                                        null
                                    ], 
                                    "sub_type": 2
                                }, 
                                {
                                    "arg_type": 100017, 
                                    "args_list": [
                                        "*"
                                    ], 
                                    "sub_type": 1
                                }, 
                                {
                                    "arg_type": 100000, 
                                    "args_list": [
                                        -1.0
                                    ], 
                                    "sub_type": 1
                                }
                            ], 
                            "sub_type": "ARITHMETIC_OPERATION"
                        }
                    ], 
                    "bp": false, 
                    "element_id": 1112477708000005, 
                    "enable": true
                }, 
                {
                    "action_type": "SET_VARIABLE", 
                    "args_list": [
                        {
                            "arg_type": 100030, 
                            "args_list": [
                                [
                                    "FLOAT", 
                                    "Fl_spdAdd", 
                                    "actor"
                                ]
                            ], 
                            "sub_type": 1
                        }, 
                        {
                            "arg_type": 100000, 
                            "args_list": [
                                0.0
                            ], 
                            "sub_type": 1
                        }
                    ], 
                    "bp": false, 
                    "element_id": 1112477708000006, 
                    "enable": true
                }
            ], 
            "call_enabled": true, 
            "condition": [
                {
                    "args_list": [
                        {
                            "arg_type": 100021, 
                            "args_list": [
                                {
                                    "args_list": [
                                        {
                                            "arg_type": 100006, 
                                            "args_list": [
                                                {
                                                    "arg_type": 100031, 
                                                    "args_list": [], 
                                                    "sub_type": "CUR_ITEM"
                                                }
                                            ], 
                                            "sub_type": "ITEM_OWNER"
                                        }, 
                                        {
                                            "arg_type": 100174, 
                                            "args_list": [
                                                3
                                            ], 
                                            "sub_type": 1
                                        }
                                    ], 
                                    "condition_type": "UNIT_HAS_MODIFIER_STYLE", 
                                    "element_id": 1112477708000002, 
                                    "enable": true
                                }
                            ], 
                            "sub_type": 1
                        }
                    ], 
                    "condition_type": "NOT", 
                    "element_id": 1112477708000003, 
                    "enable": true
                }
            ], 
            "enabled": false, 
            "event": [
                {
                    "args_list": [
                        {
                            "arg_type": 100129, 
                            "args_list": [
                                "ET_LOSS_MODIFIER"
                            ], 
                            "sub_type": 1
                        }
                    ], 
                    "element_id": 1112477708000001, 
                    "enable": true, 
                    "event_type": "GLOBAL_MODIFIER_EVENT"
                }
            ], 
            "group_id": 0, 
            "is_conf": true, 
            "p_trigger_id": 528146433, 
            "sub_trigger_owner_set_var_action": {
                "action_type": "SET_VARIABLE", 
                "args_list": [
                    {
                        "arg_type": 100178, 
                        "args_list": [
                            [
                                "DYNAMIC_TRIGGER_INSTANCE", 
                                "Tr_spdUp_2", 
                                "actor"
                            ], 
                            null
                        ], 
                        "sub_type": "VARIABLE"
                    }, 
                    {
                        "arg_type": 100178, 
                        "args_list": [
                            {
                                "arg_type": 1000673, 
                                "args_list": [
                                    1112477708
                                ], 
                                "sub_type": 1
                            }
                        ], 
                        "sub_type": "REG_ITEM_TRIGGER"
                    }
                ], 
                "bp": false, 
                "element_id": 528146433800006, 
                "enable": true
            }, 
            "trigger_id": 1112477708, 
            "trigger_name": "\u5b50\u89e6\u53d1\u5668_7", 
            "valid": true
        }, 
        "1702166535": {
            "action": [
                {
                    "action_type": "SET_VARIABLE", 
                    "args_list": [
                        {
                            "arg_type": 100030, 
                            "args_list": [
                                [
                                    "BOOLEAN", 
                                    "speedUp?", 
                                    "actor"
                                ]
                            ], 
                            "sub_type": 1
                        }, 
                        {
                            "arg_type": 100001, 
                            "args_list": [
                                false
                            ], 
                            "sub_type": 1
                        }
                    ], 
                    "bp": false, 
                    "element_id": 17021665350013, 
                    "enable": true
                }, 
                {
                    "action_type": "SET_VARIABLE", 
                    "args_list": [
                        {
                            "arg_type": 100030, 
                            "args_list": [
                                [
                                    "FLOAT", 
                                    "Fl_spdAdd", 
                                    "actor"
                                ]
                            ], 
                            "sub_type": 1
                        }, 
                        {
                            "arg_type": 100000, 
                            "args_list": [
                                0.0
                            ], 
                            "sub_type": 1
                        }
                    ], 
                    "bp": false, 
                    "element_id": 17021665350015, 
                    "enable": true
                }, 
                {
                    "action_type": "UNREG_TRIGGER", 
                    "args_list": [
                        {
                            "arg_type": 100178, 
                            "args_list": [
                                [
                                    "DYNAMIC_TRIGGER_INSTANCE", 
                                    "Tr_toughness", 
                                    "actor"
                                ], 
                                null
                            ], 
                            "sub_type": "VARIABLE"
                        }
                    ], 
                    "bp": false, 
                    "element_id": 17021665350005, 
                    "enable": true
                }, 
                {
                    "action_type": "UNREG_TRIGGER", 
                    "args_list": [
                        {
                            "arg_type": 100178, 
                            "args_list": [
                                [
                                    "DYNAMIC_TRIGGER_INSTANCE", 
                                    "Tr_spdUp", 
                                    "actor"
                                ], 
                                null
                            ], 
                            "sub_type": "VARIABLE"
                        }
                    ], 
                    "bp": false, 
                    "element_id": 17021665350007, 
                    "enable": true
                }, 
                {
                    "action_type": "UNREG_TRIGGER", 
                    "args_list": [
                        {
                            "arg_type": 100178, 
                            "args_list": [
                                [
                                    "DYNAMIC_TRIGGER_INSTANCE", 
                                    "Tr_spdUp_2", 
                                    "actor"
                                ], 
                                null
                            ], 
                            "sub_type": "VARIABLE"
                        }
                    ], 
                    "bp": false, 
                    "element_id": 17021665350010, 
                    "enable": true
                }
            ], 
            "call_enabled": true, 
            "condition": [], 
            "enabled": true, 
            "event": [
                {
                    "args_list": [], 
                    "element_id": 17021665350002, 
                    "enable": true, 
                    "event_type": "ITEM_REMOVE_EVENT"
                }
            ], 
            "group_id": 134269247, 
            "p_trigger_id": null, 
            "trigger_id": 1702166535, 
            "trigger_name": "\u65b0\u5efa\u89e6\u53d1\u5668_2", 
            "valid": true
        }
    }, 
    "trigger_group_info": [
        [
            189644812, 
            "\u5b50\u89e6\u53d1\u5668"
        ], 
        [
            1078902796, 
            "\u5b50\u89e6\u53d1\u5668_6"
        ], 
        [
            1112477708, 
            "\u5b50\u89e6\u53d1\u5668_7"
        ], 
        {
            "_trigger_group_": true, 
            "group": [
                [
                    24829963, 
                    "\u65b0\u5efa\u89e6\u53d1\u5668_3"
                ], 
                [
                    528146433, 
                    "\u65b0\u5efa\u89e6\u53d1\u5668"
                ], 
                [
                    1702166535, 
                    "\u65b0\u5efa\u89e6\u53d1\u5668_2"
                ]
            ], 
            "key": 134269247, 
            "name": "134269247"
        }
    ], 
    "trigger_version": "1.2", 
    "variable_dict": {
        "BOOLEAN": {
            "speedUp?": false
        }, 
        "DYNAMIC_TRIGGER_INSTANCE": {
            "Tr_spdUp": 0, 
            "Tr_spdUp_2": 0, 
            "Tr_toughness": 0
        }, 
        "FLOAT": {
            "Fl_spdAdd": 0.0
        }, 
        "UNIT_ENTITY": {
            "U": 0
        }
    }, 
    "variable_group_info": [
        [
            "speedUp?", 
            "(speedUp?)"
        ], 
        [
            "Tr_toughness", 
            "(Tr_toughness)"
        ], 
        [
            "Tr_spdUp", 
            "(Tr_spdUp)"
        ], 
        [
            "Tr_spdUp_2", 
            "(Tr_spdUp_2)"
        ], 
        [
            "Fl_spdAdd", 
            "(Fl_spdAdd)"
        ], 
        [
            "U", 
            "(U)"
        ]
    ], 
    "variable_length_dict": {
        "Fl_spdAdd": 0, 
        "Tr_spdUp": 0, 
        "Tr_spdUp_2": 0, 
        "Tr_toughness": 0, 
        "U": 0, 
        "speedUp?": 0
    }
}