{
    "local_variable": {
        "361721859": {
            "variable_dict": {
                "POINT": {
                    "p": [
                        0, 
                        0, 
                        0
                    ]
                }
            }, 
            "variable_length_dict": {
                "p": 0
            }, 
            "variable_type_dict": {
                "p": false
            }
        }
    }, 
    "trigger_dict": {
        "361721859": {
            "action": [
                {
                    "action_type": "SET_VARIABLE", 
                    "args_list": [
                        {
                            "arg_type": 100030, 
                            "args_list": [
                                [
                                    "POINT", 
                                    "p", 
                                    "local"
                                ]
                            ], 
                            "sub_type": 1
                        }, 
                        {
                            "arg_type": 100004, 
                            "args_list": [
                                {
                                    "arg_type": 100006, 
                                    "args_list": [], 
                                    "sub_type": "ABILITY_OWNER"
                                }
                            ], 
                            "sub_type": "UNIT_ENTITY_POINT"
                        }
                    ], 
                    "bp": false, 
                    "element_id": 9284894750002, 
                    "enable": true
                }, 
                {
                    "action_type": "SET_VARIABLE", 
                    "args_list": [
                        {
                            "arg_type": 100077, 
                            "args_list": [
                                [
                                    "PROJECTILE_ENTITY", 
                                    "pro", 
                                    "actor"
                                ], 
                                null
                            ], 
                            "sub_type": "VARIABLE"
                        }, 
                        {
                            "arg_type": 100077, 
                            "args_list": [
                                {
                                    "arg_type": 100062, 
                                    "args_list": [
                                        134221829
                                    ], 
                                    "sub_type": 1
                                }, 
                                {
                                    "arg_type": 100004, 
                                    "args_list": [
                                        {
                                            "arg_type": 100004, 
                                            "args_list": [
                                                {
                                                    "arg_type": 100006, 
                                                    "args_list": [], 
                                                    "sub_type": "ABILITY_OWNER"
                                                }
                                            ], 
                                            "sub_type": "UNIT_ENTITY_POINT"
                                        }, 
                                        {
                                            "arg_type": 100225, 
                                            "args_list": [
                                                {
                                                    "arg_type": 100000, 
                                                    "args_list": [
                                                        {
                                                            "arg_type": 100225, 
                                                            "args_list": [
                                                                {
                                                                    "arg_type": 100004, 
                                                                    "args_list": [
                                                                        {
                                                                            "arg_type": 100006, 
                                                                            "args_list": [], 
                                                                            "sub_type": "ABILITY_OWNER"
                                                                        }
                                                                    ], 
                                                                    "sub_type": "UNIT_ENTITY_POINT"
                                                                }, 
                                                                {
                                                                    "arg_type": 100004, 
                                                                    "args_list": [
                                                                        {
                                                                            "arg_type": 100014, 
                                                                            "args_list": [], 
                                                                            "sub_type": "CUR_ABILITY"
                                                                        }
                                                                    ], 
                                                                    "sub_type": "ABILITY_RELEASE_POSITION"
                                                                }
                                                            ], 
                                                            "sub_type": "GET_POINTS_ANGLE"
                                                        }
                                                    ], 
                                                    "sub_type": "GET_FLOAT_BY_ANGLE"
                                                }
                                            ], 
                                            "sub_type": "GET_ANGLE_BY_FLOAT"
                                        }, 
                                        {
                                            "arg_type": 100000, 
                                            "args_list": [
                                                100.0
                                            ], 
                                            "sub_type": 1
                                        }
                                    ], 
                                    "sub_type": "POINT_OFFSET_VECTOR_POINT"
                                }
                            ], 
                            "op_arg": [
                                {
                                    "arg_type": 100225, 
                                    "args_list": [
                                        {
                                            "arg_type": 100000, 
                                            "args_list": [
                                                {
                                                    "arg_type": 100225, 
                                                    "args_list": [
                                                        {
                                                            "arg_type": 100004, 
                                                            "args_list": [
                                                                {
                                                                    "arg_type": 100006, 
                                                                    "args_list": [], 
                                                                    "sub_type": "ABILITY_OWNER"
                                                                }
                                                            ], 
                                                            "sub_type": "UNIT_ENTITY_POINT"
                                                        }, 
                                                        {
                                                            "arg_type": 100004, 
                                                            "args_list": [
                                                                {
                                                                    "arg_type": 100014, 
                                                                    "args_list": [], 
                                                                    "sub_type": "CUR_ABILITY"
                                                                }
                                                            ], 
                                                            "sub_type": "ABILITY_RELEASE_POSITION"
                                                        }
                                                    ], 
                                                    "sub_type": "GET_POINTS_ANGLE"
                                                }
                                            ], 
                                            "sub_type": "GET_FLOAT_BY_ANGLE"
                                        }
                                    ], 
                                    "sub_type": "GET_ANGLE_BY_FLOAT"
                                }, 
                                {
                                    "arg_type": 100006, 
                                    "args_list": [], 
                                    "sub_type": "ABILITY_OWNER"
                                }, 
                                null, 
                                null, 
                                {
                                    "arg_type": 100000, 
                                    "args_list": [
                                        50.0
                                    ], 
                                    "sub_type": 1
                                }, 
                                null, 
                                null
                            ], 
                            "op_arg_enable": [
                                true, 
                                true, 
                                false, 
                                false, 
                                true, 
                                false, 
                                false
                            ], 
                            "sub_type": "CREATE_PROJECTILE"
                        }
                    ], 
                    "bp": false, 
                    "element_id": 9284894750003, 
                    "enable": true
                }, 
                {
                    "action_type": "CREATE_STRAIGHT_MOVER", 
                    "args_list": [
                        {
                            "arg_type": 100077, 
                            "args_list": [
                                [
                                    "PROJECTILE_ENTITY", 
                                    "pro", 
                                    "actor"
                                ], 
                                null
                            ], 
                            "sub_type": "VARIABLE"
                        }, 
                        {
                            "arg_type": 100225, 
                            "args_list": [
                                {
                                    "arg_type": 100000, 
                                    "args_list": [
                                        {
                                            "arg_type": 100225, 
                                            "args_list": [
                                                {
                                                    "arg_type": 100004, 
                                                    "args_list": [
                                                        {
                                                            "arg_type": 100006, 
                                                            "args_list": [], 
                                                            "sub_type": "ABILITY_OWNER"
                                                        }
                                                    ], 
                                                    "sub_type": "UNIT_ENTITY_POINT"
                                                }, 
                                                {
                                                    "arg_type": 100004, 
                                                    "args_list": [
                                                        {
                                                            "arg_type": 100014, 
                                                            "args_list": [], 
                                                            "sub_type": "CUR_ABILITY"
                                                        }
                                                    ], 
                                                    "sub_type": "ABILITY_RELEASE_POSITION"
                                                }
                                            ], 
                                            "sub_type": "GET_POINTS_ANGLE"
                                        }
                                    ], 
                                    "sub_type": "GET_FLOAT_BY_ANGLE"
                                }
                            ], 
                            "sub_type": "GET_ANGLE_BY_FLOAT"
                        }, 
                        {
                            "arg_type": 100000, 
                            "args_list": [
                                1500.0
                            ], 
                            "sub_type": 1
                        }, 
                        {
                            "arg_type": 100000, 
                            "args_list": [
                                2000.0
                            ], 
                            "sub_type": 1
                        }, 
                        {
                            "arg_type": 100000, 
                            "args_list": [
                                0
                            ], 
                            "sub_type": 1
                        }, 
                        {
                            "arg_type": 100022, 
                            "args_list": [
                                {
                                    "action_type": "PROJECTILE_DELETE", 
                                    "args_list": [
                                        {
                                            "arg_type": 100077, 
                                            "args_list": [
                                                [
                                                    "PROJECTILE_ENTITY", 
                                                    "pro", 
                                                    "actor"
                                                ], 
                                                null
                                            ], 
                                            "sub_type": "VARIABLE"
                                        }
                                    ], 
                                    "bp": false, 
                                    "element_id": 361721859990031, 
                                    "enable": true, 
                                    "op_arg": [
                                        {
                                            "arg_type": 100001, 
                                            "args_list": [
                                                true
                                            ], 
                                            "sub_type": 1
                                        }
                                    ], 
                                    "op_arg_enable": [
                                        false
                                    ]
                                }
                            ], 
                            "sub_type": 1
                        }, 
                        {
                            "arg_type": 100022, 
                            "args_list": [], 
                            "sub_type": 1
                        }, 
                        {
                            "arg_type": 100022, 
                            "args_list": [], 
                            "sub_type": 1
                        }, 
                        {
                            "arg_type": 100022, 
                            "args_list": [], 
                            "sub_type": 1
                        }, 
                        {
                            "arg_type": 100022, 
                            "args_list": [
                                {
                                    "action_type": "IF_THEN_ELSE", 
                                    "args_list": [
                                        {
                                            "arg_type": 100021, 
                                            "args_list": [
                                                {
                                                    "args_list": [
                                                        {
                                                            "arg_type": 100006, 
                                                            "args_list": [], 
                                                            "sub_type": "MOVER_COLLIDE_UNIT"
                                                        }, 
                                                        {
                                                            "arg_type": 100006, 
                                                            "args_list": [], 
                                                            "sub_type": "ABILITY_OWNER"
                                                        }
                                                    ], 
                                                    "condition_type": "IS_ENEMY", 
                                                    "element_id": 361721859990032, 
                                                    "enable": true
                                                }, 
                                                {
                                                    "args_list": [
                                                        {
                                                            "arg_type": 100010, 
                                                            "args_list": [
                                                                {
                                                                    "arg_type": 100006, 
                                                                    "args_list": [], 
                                                                    "sub_type": "MOVER_COLLIDE_UNIT"
                                                                }
                                                            ], 
                                                            "sub_type": "GET_UNIT_TYPE"
                                                        }, 
                                                        {
                                                            "arg_type": 100035, 
                                                            "args_list": [
                                                                "!="
                                                            ], 
                                                            "sub_type": 1
                                                        }, 
                                                        {
                                                            "arg_type": 100010, 
                                                            "args_list": [
                                                                2
                                                            ], 
                                                            "sub_type": 1
                                                        }
                                                    ], 
                                                    "condition_type": "UNIT_TYPE_COMPARE", 
                                                    "element_id": 361721859990033, 
                                                    "enable": true
                                                }
                                            ], 
                                            "sub_type": 1
                                        }, 
                                        {
                                            "arg_type": 100022, 
                                            "args_list": [
                                                {
                                                    "action_type": "ADD_MODIFIER", 
                                                    "args_list": [
                                                        {
                                                            "arg_type": 100006, 
                                                            "args_list": [], 
                                                            "sub_type": "MOVER_COLLIDE_UNIT"
                                                        }, 
                                                        {
                                                            "arg_type": 100046, 
                                                            "args_list": [
                                                                134268499
                                                            ], 
                                                            "sub_type": 1
                                                        }
                                                    ], 
                                                    "bp": false, 
                                                    "element_id": 361721859990034, 
                                                    "enable": true, 
                                                    "op_arg": [
                                                        {
                                                            "arg_type": 100006, 
                                                            "args_list": [], 
                                                            "sub_type": "ABILITY_OWNER"
                                                        }, 
                                                        {
                                                            "arg_type": 100014, 
                                                            "args_list": [], 
                                                            "sub_type": "CUR_ABILITY"
                                                        }, 
                                                        {
                                                            "arg_type": 100000, 
                                                            "args_list": [
                                                                0.75
                                                            ], 
                                                            "sub_type": 1
                                                        }, 
                                                        null, 
                                                        null
                                                    ], 
                                                    "op_arg_enable": [
                                                        true, 
                                                        true, 
                                                        true, 
                                                        false, 
                                                        false
                                                    ]
                                                }
                                            ], 
                                            "sub_type": 1
                                        }, 
                                        {
                                            "arg_type": 100022, 
                                            "args_list": [], 
                                            "sub_type": 1
                                        }
                                    ], 
                                    "bp": false, 
                                    "element_id": 361721859990035, 
                                    "enable": true, 
                                    "fake_op": []
                                }
                            ], 
                            "sub_type": 1
                        }
                    ], 
                    "bp": false, 
                    "element_id": 9284894750011, 
                    "enable": true, 
                    "fake_op": [
                        9
                    ], 
                    "op_arg": [
                        null, 
                        null, 
                        null, 
                        null, 
                        null, 
                        {
                            "arg_type": 100176, 
                            "args_list": [
                                0
                            ], 
                            "sub_type": 1
                        }, 
                        {
                            "arg_type": 100000, 
                            "args_list": [
                                200.0
                            ], 
                            "sub_type": 1
                        }, 
                        {
                            "arg_type": 100001, 
                            "args_list": [
                                false
                            ], 
                            "sub_type": 1
                        }, 
                        {
                            "arg_type": 100001, 
                            "args_list": [
                                false
                            ], 
                            "sub_type": 1
                        }, 
                        null, 
                        null, 
                        null
                    ], 
                    "op_arg_enable": [
                        false, 
                        false, 
                        false, 
                        false, 
                        false, 
                        true, 
                        true, 
                        true, 
                        true, 
                        false, 
                        false, 
                        false
                    ]
                }
            ], 
            "call_enabled": true, 
            "condition": [], 
            "enabled": true, 
            "event": [
                {
                    "args_list": [], 
                    "element_id": 9284894750001, 
                    "enable": true, 
                    "event_type": "ABILITY_SP_END"
                }
            ], 
            "group_id": 134253638, 
            "p_trigger_id": null, 
            "trigger_id": 361721859, 
            "trigger_name": "\u65b0\u5efa\u89e6\u53d1\u5668", 
            "valid": true
        }, 
        "646426626": {
            "action": [
                {
                    "action_type": "ADD_MODIFIER", 
                    "args_list": [
                        {
                            "arg_type": 100006, 
                            "args_list": [], 
                            "sub_type": "ABILITY_OWNER"
                        }, 
                        {
                            "arg_type": 100046, 
                            "args_list": [
                                134277657
                            ], 
                            "sub_type": 1
                        }
                    ], 
                    "bp": false, 
                    "element_id": 6464266260003, 
                    "enable": true, 
                    "op_arg": [
                        null, 
                        {
                            "arg_type": 100014, 
                            "args_list": [], 
                            "sub_type": "CUR_ABILITY"
                        }, 
                        null, 
                        null, 
                        null
                    ], 
                    "op_arg_enable": [
                        false, 
                        true, 
                        false, 
                        false, 
                        false
                    ]
                }
            ], 
            "call_enabled": true, 
            "condition": [], 
            "enabled": true, 
            "event": [
                {
                    "args_list": [], 
                    "element_id": 6464266260001, 
                    "enable": true, 
                    "event_type": "ABILITY_OBTAIN"
                }
            ], 
            "group_id": 134253638, 
            "p_trigger_id": null, 
            "trigger_id": 646426626, 
            "trigger_name": "\u65b0\u5efa\u89e6\u53d1\u5668_2", 
            "valid": true
        }
    }, 
    "trigger_version": "1.2", 
    "variable_dict": {
        "PROJECTILE_ENTITY": {
            "pro": 0
        }, 
        "UNIT_ENTITY": {
            "U": 0
        }
    }, 
    "variable_group_info": [
        [
            "pro", 
            "(pro)"
        ], 
        [
            "U", 
            "(U)"
        ]
    ], 
    "variable_length_dict": {
        "U": 0, 
        "pro": 0
    }, 
    "variable_type_dict": {
        "U": false, 
        "pro": false
    }
}