{
    "local_variable": {
        "2134319105": {
            "variable_dict": {
                "ABILITY": {
                    "skill": null
                }
            }, 
            "variable_length_dict": {
                "skill": 0
            }, 
            "variable_type_dict": {
                "skill": false
            }
        }
    }, 
    "trigger_dict": {
        "2100801539": {
            "action": [
                {
                    "action_type": "ADD_MODIFIER", 
                    "args_list": [
                        {
                            "arg_type": 100006, 
                            "args_list": [], 
                            "sub_type": "DAMAGE_TARGET_UNIT"
                        }, 
                        {
                            "arg_type": 100046, 
                            "args_list": [
                                201373513
                            ], 
                            "sub_type": 1
                        }
                    ], 
                    "bp": false, 
                    "element_id": 1023225860220296, 
                    "enable": true, 
                    "op_arg": [
                        {
                            "arg_type": 100006, 
                            "args_list": [], 
                            "sub_type": "ABILITY_OWNER"
                        }, 
                        {
                            "arg_type": 100014, 
                            "args_list": [
                                [
                                    "ABILITY", 
                                    "skill", 
                                    "local"
                                ]
                            ], 
                            "sub_type": 2
                        }, 
                        {
                            "arg_type": 100000, 
                            "args_list": [
                                5.0
                            ], 
                            "sub_type": 1
                        }, 
                        {
                            "arg_type": 100000, 
                            "args_list": [
                                0.5
                            ], 
                            "sub_type": 1
                        }, 
                        {
                            "arg_type": 100002, 
                            "args_list": [
                                1
                            ], 
                            "sub_type": 1
                        }
                    ], 
                    "op_arg_enable": [
                        true, 
                        true, 
                        true, 
                        true, 
                        true
                    ]
                }
            ], 
            "call_enabled": true, 
            "condition": [
                {
                    "args_list": [
                        {
                            "arg_type": 100014, 
                            "args_list": [], 
                            "sub_type": "DAMAGE_ABILITY"
                        }, 
                        {
                            "arg_type": 100035, 
                            "args_list": [
                                "!="
                            ], 
                            "sub_type": 1
                        }, 
                        {
                            "arg_type": 100014, 
                            "args_list": [
                                [
                                    "ABILITY", 
                                    "skill", 
                                    "local"
                                ]
                            ], 
                            "sub_type": 2
                        }
                    ], 
                    "condition_type": "ABILITY_ENTITY_COMPARE", 
                    "element_id": 2100801539220300, 
                    "enable": true
                }
            ], 
            "enabled": false, 
            "event": [
                {
                    "args_list": [
                        {
                            "arg_type": 100006, 
                            "args_list": [], 
                            "sub_type": "ABILITY_OWNER"
                        }, 
                        {
                            "arg_type": 100007, 
                            "args_list": [
                                "ET_UNIT_HURT_OTHER_FINISH"
                            ], 
                            "sub_type": 1
                        }
                    ], 
                    "element_id": 2100801539000003, 
                    "enable": true, 
                    "event_type": "SPECIAL_UNIT_EVENT"
                }
            ], 
            "group_id": 0, 
            "is_conf": true, 
            "p_trigger_id": 2134319105, 
            "sub_trigger_owner_set_var_action": {
                "action_type": "SET_VARIABLE", 
                "args_list": [
                    {
                        "arg_type": 100178, 
                        "args_list": [
                            [
                                "DYNAMIC_TRIGGER_INSTANCE", 
                                "trg", 
                                "actor"
                            ]
                        ], 
                        "sub_type": "VARIABLE"
                    }, 
                    {
                        "arg_type": 100178, 
                        "args_list": [
                            {
                                "arg_type": 100068, 
                                "args_list": [
                                    2100801539
                                ], 
                                "sub_type": 1
                            }
                        ], 
                        "sub_type": "REG_ABILITY_TRIGGER"
                    }
                ], 
                "bp": false, 
                "element_id": 2134319105000003, 
                "enable": true
            }, 
            "trigger_id": 2100801539, 
            "trigger_name": "\u5b50\u89e6\u53d1\u5668", 
            "valid": false
        }, 
        "2134319105": {
            "action": [
                {
                    "action_type": "SET_VARIABLE", 
                    "args_list": [
                        {
                            "arg_type": 100030, 
                            "args_list": [
                                [
                                    "ABILITY", 
                                    "skill", 
                                    "local"
                                ]
                            ], 
                            "sub_type": 1
                        }, 
                        {
                            "arg_type": 100014, 
                            "args_list": [], 
                            "sub_type": "CUR_ABILITY"
                        }
                    ], 
                    "bp": false, 
                    "element_id": 2134319105000005, 
                    "enable": true
                }, 
                2100801539
            ], 
            "call_enabled": true, 
            "condition": [], 
            "enabled": true, 
            "event": [
                {
                    "args_list": [], 
                    "element_id": 2134319105000001, 
                    "enable": true, 
                    "event_type": "ABILITY_OBTAIN"
                }
            ], 
            "group_id": 201375741, 
            "p_trigger_id": null, 
            "trigger_id": 2134319105, 
            "trigger_name": "Trigger", 
            "valid": false
        }, 
        "2134323202": {
            "action": [
                {
                    "action_type": "UNREG_TRIGGER", 
                    "args_list": [
                        {
                            "arg_type": 100178, 
                            "args_list": [
                                [
                                    "DYNAMIC_TRIGGER_INSTANCE", 
                                    "trg", 
                                    "actor"
                                ]
                            ], 
                            "sub_type": "VARIABLE"
                        }
                    ], 
                    "bp": false, 
                    "element_id": 2134323202000006, 
                    "enable": true
                }
            ], 
            "call_enabled": true, 
            "condition": [], 
            "enabled": true, 
            "event": [
                {
                    "args_list": [], 
                    "element_id": 2134323202000002, 
                    "enable": true, 
                    "event_type": "ABILITY_LOSE"
                }
            ], 
            "group_id": 201375741, 
            "p_trigger_id": null, 
            "trigger_id": 2134323202, 
            "trigger_name": "Trigger_3", 
            "valid": true
        }
    }, 
    "trigger_version": "1.2", 
    "variable_dict": {
        "DYNAMIC_TRIGGER_INSTANCE": {
            "trg": 0
        }
    }, 
    "variable_group_info": [
        [
            "trg", 
            "trg"
        ]
    ], 
    "variable_length_dict": {
        "trg": 0
    }, 
    "variable_type_dict": {
        "trg": false
    }
}