{
    "local_variable": {
        "1435660289": {
            "variable_dict": {
                "PROJECTILE_ENTITY": {
                    "aaa": 0
                }
            }, 
            "variable_length_dict": {
                "aaa": 0
            }, 
            "variable_type_dict": {
                "aaa": false
            }
        }
    }, 
    "trigger_dict": {
        "1280131074": {
            "action": [
                {
                    "action_type": "RUN_ONCE_TIMER_NO_SAVE", 
                    "args_list": [
                        {
                            "arg_type": 100000, 
                            "args_list": [
                                4.0
                            ], 
                            "sub_type": 1
                        }, 
                        {
                            "arg_type": 100022, 
                            "args_list": [
                                {
                                    "action_type": "IF_THEN_ELSE", 
                                    "args_list": [
                                        {
                                            "arg_type": 100021, 
                                            "args_list": [
                                                {
                                                    "args_list": [
                                                        {
                                                            "arg_type": 100039, 
                                                            "args_list": [
                                                                {
                                                                    "arg_type": 100014, 
                                                                    "args_list": [
                                                                        {
                                                                            "arg_type": 100006, 
                                                                            "args_list": [], 
                                                                            "sub_type": "ABILITY_OWNER"
                                                                        }, 
                                                                        {
                                                                            "arg_type": 100182, 
                                                                            "args_list": [
                                                                                0
                                                                            ], 
                                                                            "sub_type": 1
                                                                        }, 
                                                                        {
                                                                            "arg_type": 100002, 
                                                                            "args_list": [
                                                                                1
                                                                            ], 
                                                                            "sub_type": 1
                                                                        }
                                                                    ], 
                                                                    "sub_type": "UNIT_ABILITY"
                                                                }
                                                            ], 
                                                            "sub_type": "ABILITY_NAME_OF_ABILITY"
                                                        }, 
                                                        {
                                                            "arg_type": 100035, 
                                                            "args_list": [
                                                                "=="
                                                            ], 
                                                            "sub_type": 1
                                                        }, 
                                                        {
                                                            "arg_type": 100039, 
                                                            "args_list": [
                                                                201330752
                                                            ], 
                                                            "sub_type": 1
                                                        }
                                                    ], 
                                                    "condition_type": "ABILITY_COMPARE", 
                                                    "element_id": 12801310740002, 
                                                    "enable": true
                                                }
                                            ], 
                                            "sub_type": 1
                                        }, 
                                        {
                                            "arg_type": 100022, 
                                            "args_list": [
                                                {
                                                    "action_type": "UNIT_RELEASE_COMMAND", 
                                                    "args_list": [
                                                        {
                                                            "arg_type": 100006, 
                                                            "args_list": [], 
                                                            "sub_type": "ABILITY_OWNER"
                                                        }, 
                                                        {
                                                            "arg_type": 100216, 
                                                            "args_list": [
                                                                {
                                                                    "arg_type": 100014, 
                                                                    "args_list": [], 
                                                                    "sub_type": "CUR_ABILITY"
                                                                }
                                                            ], 
                                                            "op_arg": [
                                                                null, 
                                                                null, 
                                                                null, 
                                                                null, 
                                                                null
                                                            ], 
                                                            "op_arg_enable": [
                                                                false, 
                                                                false, 
                                                                false, 
                                                                false, 
                                                                false
                                                            ], 
                                                            "sub_type": "UNIT_COMMAND_USE_SKILL"
                                                        }
                                                    ], 
                                                    "bp": false, 
                                                    "element_id": 12801310740003, 
                                                    "enable": true
                                                }
                                            ], 
                                            "sub_type": 1
                                        }, 
                                        {
                                            "arg_type": 100022, 
                                            "args_list": [], 
                                            "sub_type": 1
                                        }
                                    ], 
                                    "bp": false, 
                                    "element_id": 12801310740004, 
                                    "enable": true, 
                                    "fake_op": []
                                }
                            ], 
                            "sub_type": 1
                        }
                    ], 
                    "bp": false, 
                    "element_id": 14356602890019, 
                    "enable": true, 
                    "local_var": [
                        {}, 
                        {}
                    ]
                }
            ], 
            "call_enabled": true, 
            "condition": [], 
            "enabled": true, 
            "event": [
                {
                    "args_list": [], 
                    "element_id": 12801310740001, 
                    "enable": true, 
                    "event_type": "ABILITY_OBTAIN"
                }
            ], 
            "group_id": 201339063, 
            "p_trigger_id": null, 
            "trigger_id": 1280131074, 
            "trigger_name": "AbilityGained", 
            "valid": false
        }, 
        "1435660289": {
            "action": [
                {
                    "action_type": "ADD_MODIFIER", 
                    "args_list": [
                        {
                            "arg_type": 100006, 
                            "args_list": [], 
                            "sub_type": "ABILITY_OWNER"
                        }, 
                        {
                            "arg_type": 100046, 
                            "args_list": [
                                201376833
                            ], 
                            "sub_type": 1
                        }
                    ], 
                    "bp": false, 
                    "element_id": 8007516200078, 
                    "enable": true, 
                    "op_arg": [
                        {
                            "arg_type": 100006, 
                            "args_list": [], 
                            "sub_type": "ABILITY_OWNER"
                        }, 
                        {
                            "arg_type": 100014, 
                            "args_list": [], 
                            "sub_type": "CUR_ABILITY"
                        }, 
                        {
                            "arg_type": 100000, 
                            "args_list": [
                                5.0
                            ], 
                            "sub_type": 1
                        }, 
                        null, 
                        null
                    ], 
                    "op_arg_enable": [
                        true, 
                        true, 
                        true, 
                        false, 
                        false
                    ]
                }, 
                {
                    "action_type": "FORCE_TRANSMIT_UNIT", 
                    "args_list": [
                        {
                            "arg_type": 100006, 
                            "args_list": [], 
                            "sub_type": "ABILITY_OWNER"
                        }, 
                        {
                            "arg_type": 100004, 
                            "args_list": [
                                {
                                    "arg_type": 100014, 
                                    "args_list": [], 
                                    "sub_type": "CUR_ABILITY"
                                }, 
                                {
                                    "arg_type": 100003, 
                                    "args_list": [
                                        "targetPoint"
                                    ], 
                                    "sub_type": 1
                                }
                            ], 
                            "sub_type": "GET_POINT_KV"
                        }
                    ], 
                    "bp": false, 
                    "element_id": 14356602890019, 
                    "enable": true, 
                    "op_arg": [
                        null
                    ], 
                    "op_arg_enable": [
                        false
                    ]
                }, 
                {
                    "action_type": "PRINT_MESSAGE_ACTION_TO_DIALOG", 
                    "args_list": [
                        {
                            "arg_type": 100175, 
                            "args_list": [
                                3
                            ], 
                            "sub_type": 1
                        }, 
                        {
                            "arg_type": 100003, 
                            "args_list": [
                                {
                                    "arg_type": 100003, 
                                    "args_list": [
                                        "targetPoint"
                                    ], 
                                    "sub_type": 1
                                }, 
                                {
                                    "arg_type": 100003, 
                                    "args_list": [
                                        {
                                            "arg_type": 100004, 
                                            "args_list": [
                                                {
                                                    "arg_type": 100014, 
                                                    "args_list": [], 
                                                    "sub_type": "CUR_ABILITY"
                                                }, 
                                                {
                                                    "arg_type": 100003, 
                                                    "args_list": [
                                                        "targetPoint"
                                                    ], 
                                                    "sub_type": 1
                                                }
                                            ], 
                                            "sub_type": "GET_POINT_KV"
                                        }
                                    ], 
                                    "sub_type": "VALUE_TO_STR"
                                }
                            ], 
                            "op_arg": [
                                null, 
                                null, 
                                null, 
                                null, 
                                null, 
                                null, 
                                null, 
                                null
                            ], 
                            "op_arg_enable": [
                                false, 
                                false, 
                                false, 
                                false, 
                                false, 
                                false, 
                                false, 
                                false
                            ], 
                            "sub_type": "STR_JOIN"
                        }
                    ], 
                    "bp": false, 
                    "element_id": 12801310740022, 
                    "enable": true
                }, 
                {
                    "action_type": "SWITCH_ABILITY", 
                    "args_list": [
                        {
                            "arg_type": 100006, 
                            "args_list": [], 
                            "sub_type": "ABILITY_OWNER"
                        }, 
                        {
                            "arg_type": 100014, 
                            "args_list": [], 
                            "sub_type": "CUR_ABILITY"
                        }, 
                        {
                            "arg_type": 100014, 
                            "args_list": [
                                {
                                    "arg_type": 100006, 
                                    "args_list": [], 
                                    "sub_type": "ABILITY_OWNER"
                                }, 
                                {
                                    "arg_type": 100182, 
                                    "args_list": [
                                        0
                                    ], 
                                    "sub_type": 1
                                }, 
                                {
                                    "arg_type": 100002, 
                                    "args_list": [
                                        1
                                    ], 
                                    "sub_type": 1
                                }
                            ], 
                            "sub_type": "UNIT_ABILITY"
                        }
                    ], 
                    "bp": false, 
                    "element_id": 14356602890016, 
                    "enable": true
                }
            ], 
            "call_enabled": true, 
            "condition": [], 
            "enabled": true, 
            "event": [
                {
                    "args_list": [], 
                    "element_id": 14356602890002, 
                    "enable": true, 
                    "event_type": "ABILITY_PS_END"
                }
            ], 
            "group_id": 201339063, 
            "p_trigger_id": null, 
            "trigger_id": 1435660289, 
            "trigger_name": "AbilityPercastEnds", 
            "valid": false
        }
    }, 
    "trigger_version": "1.2", 
    "variable_dict": {}, 
    "variable_group_info": [], 
    "variable_length_dict": {}, 
    "variable_type_dict": {}
}