{
    "local_variable": {
        "1914499073": {
            "variable_dict": {
                "UNIT_ENTITY": {
                    "caster": 0, 
                    "target": 0, 
                    "unit": 0
                }
            }, 
            "variable_length_dict": {
                "caster": 0, 
                "target": 0, 
                "unit": 0
            }, 
            "variable_type_dict": {
                "caster": false, 
                "target": false, 
                "unit": false
            }
        }
    }, 
    "trigger_dict": {
        "1142792195": {
            "action": [
                {
                    "action_type": "UNREG_TRIGGER", 
                    "args_list": [
                        {
                            "arg_type": 100178, 
                            "args_list": [
                                [
                                    "DYNAMIC_TRIGGER_INSTANCE", 
                                    "trigger", 
                                    "actor"
                                ], 
                                null
                            ], 
                            "sub_type": "VARIABLE"
                        }
                    ], 
                    "bp": false, 
                    "element_id": 11427921950007, 
                    "enable": true
                }
            ], 
            "call_enabled": true, 
            "condition": [], 
            "enabled": true, 
            "event": [
                {
                    "args_list": [], 
                    "element_id": 11427921950002, 
                    "enable": true, 
                    "event_type": "ABILITY_LOSE"
                }
            ], 
            "group_id": 201385035, 
            "p_trigger_id": null, 
            "trigger_id": 1142792195, 
            "trigger_name": "Ability Lost", 
            "valid": true
        }, 
        "1763545090": {
            "action": [
                {
                    "action_type": "SET_VAR_FROM_PARAM", 
                    "args_list": [
                        {
                            "arg_type": 100030, 
                            "args_list": [
                                [
                                    "UNIT_ENTITY", 
                                    "unit", 
                                    "local"
                                ]
                            ], 
                            "sub_type": 1
                        }, 
                        {
                            "arg_type": 100002, 
                            "args_list": [
                                1
                            ], 
                            "sub_type": 1
                        }
                    ], 
                    "bp": false, 
                    "element_id": 17635450900008, 
                    "enable": true
                }, 
                {
                    "action_type": "SET_VAR_FROM_PARAM", 
                    "args_list": [
                        {
                            "arg_type": 100030, 
                            "args_list": [
                                [
                                    "UNIT_ENTITY", 
                                    "target", 
                                    "local"
                                ]
                            ], 
                            "sub_type": 1
                        }, 
                        {
                            "arg_type": 100002, 
                            "args_list": [
                                2
                            ], 
                            "sub_type": 1
                        }
                    ], 
                    "bp": false, 
                    "element_id": 17635450900058, 
                    "enable": true
                }, 
                {
                    "action_type": "IF_THEN_ELSE", 
                    "args_list": [
                        {
                            "arg_type": 100021, 
                            "args_list": [
                                {
                                    "args_list": [
                                        {
                                            "arg_type": 100006, 
                                            "args_list": [
                                                [
                                                    "UNIT_ENTITY", 
                                                    "unit", 
                                                    "local"
                                                ], 
                                                null
                                            ], 
                                            "sub_type": 11
                                        }, 
                                        {
                                            "arg_type": 100035, 
                                            "args_list": [
                                                "=="
                                            ], 
                                            "sub_type": 1
                                        }, 
                                        {
                                            "arg_type": 100006, 
                                            "args_list": [], 
                                            "sub_type": "ABILITY_OWNER"
                                        }
                                    ], 
                                    "condition_type": "UNIT_COMPARE", 
                                    "element_id": 17635450900004, 
                                    "enable": true
                                }
                            ], 
                            "sub_type": 1
                        }, 
                        {
                            "arg_type": 100022, 
                            "args_list": [
                                {
                                    "action_type": "PICK_UNIT_DO_ACTION", 
                                    "args_list": [
                                        {
                                            "arg_type": 100026, 
                                            "args_list": [
                                                {
                                                    "arg_type": 100004, 
                                                    "args_list": [
                                                        {
                                                            "arg_type": 100006, 
                                                            "args_list": [
                                                                [
                                                                    "UNIT_ENTITY", 
                                                                    "target", 
                                                                    "local"
                                                                ], 
                                                                null
                                                            ], 
                                                            "sub_type": 11
                                                        }
                                                    ], 
                                                    "sub_type": "UNIT_ENTITY_POINT"
                                                }, 
                                                {
                                                    "arg_type": 100211, 
                                                    "args_list": [
                                                        {
                                                            "arg_type": 100000, 
                                                            "args_list": [
                                                                {
                                                                    "arg_type": 100014, 
                                                                    "args_list": [], 
                                                                    "sub_type": "CUR_ABILITY"
                                                                }, 
                                                                {
                                                                    "arg_type": 100003, 
                                                                    "args_list": [
                                                                        "DamageRange"
                                                                    ], 
                                                                    "sub_type": 1
                                                                }
                                                            ], 
                                                            "sub_type": "GET_FLOAT_KV"
                                                        }
                                                    ], 
                                                    "sub_type": "CONST_CIRCULAR_SHAPE"
                                                }
                                            ], 
                                            "op_arg": [
                                                null, 
                                                null, 
                                                null, 
                                                null, 
                                                null, 
                                                null, 
                                                null, 
                                                null, 
                                                null, 
                                                null, 
                                                null, 
                                                null, 
                                                null, 
                                                null
                                            ], 
                                            "op_arg_enable": [
                                                false, 
                                                false, 
                                                false, 
                                                false, 
                                                false, 
                                                false, 
                                                false, 
                                                false, 
                                                false, 
                                                false, 
                                                false, 
                                                false, 
                                                false, 
                                                false
                                            ], 
                                            "sub_type": "UNIT_LIST_IN_SHAPE"
                                        }, 
                                        {
                                            "arg_type": 100022, 
                                            "args_list": [
                                                {
                                                    "action_type": "IF_THEN_ELSE", 
                                                    "args_list": [
                                                        {
                                                            "arg_type": 100021, 
                                                            "args_list": [
                                                                {
                                                                    "args_list": [
                                                                        {
                                                                            "arg_type": 100006, 
                                                                            "args_list": [
                                                                                [
                                                                                    "UNIT_ENTITY", 
                                                                                    "caster", 
                                                                                    "local"
                                                                                ], 
                                                                                null
                                                                            ], 
                                                                            "sub_type": 11
                                                                        }, 
                                                                        {
                                                                            "arg_type": 100006, 
                                                                            "args_list": [], 
                                                                            "sub_type": "FOR_EACH_SELECTED_UNIT"
                                                                        }
                                                                    ], 
                                                                    "condition_type": "IS_ENEMY", 
                                                                    "element_id": 17635450900005, 
                                                                    "enable": true
                                                                }
                                                            ], 
                                                            "sub_type": 1
                                                        }, 
                                                        {
                                                            "arg_type": 100022, 
                                                            "args_list": [
                                                                {
                                                                    "action_type": "APPLY_DAMAGE", 
                                                                    "args_list": [
                                                                        {
                                                                            "arg_type": 100006, 
                                                                            "args_list": [
                                                                                [
                                                                                    "UNIT_ENTITY", 
                                                                                    "caster", 
                                                                                    "local"
                                                                                ], 
                                                                                null
                                                                            ], 
                                                                            "sub_type": 11
                                                                        }, 
                                                                        {
                                                                            "arg_type": 100014, 
                                                                            "args_list": [], 
                                                                            "sub_type": "CUR_ABILITY"
                                                                        }, 
                                                                        {
                                                                            "arg_type": 100006, 
                                                                            "args_list": [], 
                                                                            "sub_type": "FOR_EACH_SELECTED_UNIT"
                                                                        }, 
                                                                        {
                                                                            "arg_type": 100064, 
                                                                            "args_list": [
                                                                                1
                                                                            ], 
                                                                            "sub_type": 1
                                                                        }, 
                                                                        {
                                                                            "arg_type": 100000, 
                                                                            "args_list": [
                                                                                {
                                                                                    "arg_type": 100000, 
                                                                                    "args_list": [
                                                                                        {
                                                                                            "arg_type": 100014, 
                                                                                            "args_list": [], 
                                                                                            "sub_type": "CUR_ABILITY"
                                                                                        }, 
                                                                                        {
                                                                                            "arg_type": 100003, 
                                                                                            "args_list": [
                                                                                                "Damage"
                                                                                            ], 
                                                                                            "sub_type": 1
                                                                                        }
                                                                                    ], 
                                                                                    "sub_type": "GET_FLOAT_KV"
                                                                                }, 
                                                                                {
                                                                                    "arg_type": 100017, 
                                                                                    "args_list": [
                                                                                        "+"
                                                                                    ], 
                                                                                    "sub_type": 1
                                                                                }, 
                                                                                {
                                                                                    "arg_type": 100000, 
                                                                                    "args_list": [
                                                                                        {
                                                                                            "arg_type": 100000, 
                                                                                            "args_list": [
                                                                                                {
                                                                                                    "arg_type": 100000, 
                                                                                                    "args_list": [
                                                                                                        {
                                                                                                            "arg_type": 100000, 
                                                                                                            "args_list": [
                                                                                                                {
                                                                                                                    "arg_type": 100006, 
                                                                                                                    "args_list": [
                                                                                                                        [
                                                                                                                            "UNIT_ENTITY", 
                                                                                                                            "target", 
                                                                                                                            "local"
                                                                                                                        ], 
                                                                                                                        null
                                                                                                                    ], 
                                                                                                                    "sub_type": 11
                                                                                                                }, 
                                                                                                                {
                                                                                                                    "arg_type": 100301, 
                                                                                                                    "args_list": [
                                                                                                                        "ATTR_RESULT"
                                                                                                                    ], 
                                                                                                                    "sub_type": 1
                                                                                                                }, 
                                                                                                                {
                                                                                                                    "arg_type": 100042, 
                                                                                                                    "args_list": [
                                                                                                                        "hp_max"
                                                                                                                    ], 
                                                                                                                    "sub_type": 1
                                                                                                                }
                                                                                                            ], 
                                                                                                            "sub_type": "GET_UNIT_ATTR"
                                                                                                        }, 
                                                                                                        {
                                                                                                            "arg_type": 100017, 
                                                                                                            "args_list": [
                                                                                                                "-"
                                                                                                            ], 
                                                                                                            "sub_type": 1
                                                                                                        }, 
                                                                                                        {
                                                                                                            "arg_type": 100000, 
                                                                                                            "args_list": [
                                                                                                                {
                                                                                                                    "arg_type": 100006, 
                                                                                                                    "args_list": [
                                                                                                                        [
                                                                                                                            "UNIT_ENTITY", 
                                                                                                                            "target", 
                                                                                                                            "local"
                                                                                                                        ], 
                                                                                                                        null
                                                                                                                    ], 
                                                                                                                    "sub_type": 11
                                                                                                                }
                                                                                                            ], 
                                                                                                            "sub_type": "GET_HP_CUR"
                                                                                                        }
                                                                                                    ], 
                                                                                                    "sub_type": "ARITHMETIC_OPERATION"
                                                                                                }, 
                                                                                                {
                                                                                                    "arg_type": 100017, 
                                                                                                    "args_list": [
                                                                                                        "*"
                                                                                                    ], 
                                                                                                    "sub_type": 1
                                                                                                }, 
                                                                                                {
                                                                                                    "arg_type": 100000, 
                                                                                                    "args_list": [
                                                                                                        {
                                                                                                            "arg_type": 100014, 
                                                                                                            "args_list": [], 
                                                                                                            "sub_type": "CUR_ABILITY"
                                                                                                        }, 
                                                                                                        {
                                                                                                            "arg_type": 100003, 
                                                                                                            "args_list": [
                                                                                                                "Extra%"
                                                                                                            ], 
                                                                                                            "sub_type": 1
                                                                                                        }
                                                                                                    ], 
                                                                                                    "sub_type": "GET_FLOAT_KV"
                                                                                                }
                                                                                            ], 
                                                                                            "sub_type": "ARITHMETIC_OPERATION"
                                                                                        }, 
                                                                                        {
                                                                                            "arg_type": 100017, 
                                                                                            "args_list": [
                                                                                                "/"
                                                                                            ], 
                                                                                            "sub_type": 1
                                                                                        }, 
                                                                                        {
                                                                                            "arg_type": 100000, 
                                                                                            "args_list": [
                                                                                                100.0
                                                                                            ], 
                                                                                            "sub_type": 1
                                                                                        }
                                                                                    ], 
                                                                                    "sub_type": "ARITHMETIC_OPERATION"
                                                                                }
                                                                            ], 
                                                                            "sub_type": "ARITHMETIC_OPERATION"
                                                                        }, 
                                                                        {
                                                                            "arg_type": 100001, 
                                                                            "args_list": [
                                                                                true
                                                                            ], 
                                                                            "sub_type": 1
                                                                        }
                                                                    ], 
                                                                    "bp": false, 
                                                                    "element_id": 17635450900006, 
                                                                    "enable": true, 
                                                                    "op_arg": [
                                                                        {
                                                                            "arg_type": 100001, 
                                                                            "args_list": [
                                                                                true
                                                                            ], 
                                                                            "sub_type": 1
                                                                        }, 
                                                                        {
                                                                            "arg_type": 100001, 
                                                                            "args_list": [
                                                                                true
                                                                            ], 
                                                                            "sub_type": 1
                                                                        }, 
                                                                        {
                                                                            "arg_type": 100001, 
                                                                            "args_list": [
                                                                                true
                                                                            ], 
                                                                            "sub_type": 1
                                                                        }, 
                                                                        null, 
                                                                        null, 
                                                                        null
                                                                    ], 
                                                                    "op_arg_enable": [
                                                                        false, 
                                                                        false, 
                                                                        false, 
                                                                        false, 
                                                                        false, 
                                                                        false
                                                                    ]
                                                                }
                                                            ], 
                                                            "sub_type": 1
                                                        }, 
                                                        {
                                                            "arg_type": 100022, 
                                                            "args_list": [], 
                                                            "sub_type": 1
                                                        }
                                                    ], 
                                                    "bp": false, 
                                                    "element_id": 17635450900007, 
                                                    "enable": true, 
                                                    "fake_op": []
                                                }
                                            ], 
                                            "sub_type": 1
                                        }
                                    ], 
                                    "bp": false, 
                                    "element_id": 17635450900059, 
                                    "enable": true
                                }, 
                                {
                                    "action_type": "CREATE_SFX_ON_POINT", 
                                    "args_list": [
                                        {
                                            "arg_type": 100066, 
                                            "args_list": [
                                                102242
                                            ], 
                                            "sub_type": 1
                                        }, 
                                        {
                                            "arg_type": 100004, 
                                            "args_list": [
                                                {
                                                    "arg_type": 100006, 
                                                    "args_list": [
                                                        [
                                                            "UNIT_ENTITY", 
                                                            "target", 
                                                            "local"
                                                        ], 
                                                        null
                                                    ], 
                                                    "sub_type": 11
                                                }
                                            ], 
                                            "sub_type": "UNIT_ENTITY_POINT"
                                        }
                                    ], 
                                    "bp": false, 
                                    "element_id": 17635450900009, 
                                    "enable": true, 
                                    "op_arg": [
                                        null, 
                                        null, 
                                        {
                                            "arg_type": 100000, 
                                            "args_list": [
                                                50.0
                                            ], 
                                            "sub_type": 1
                                        }, 
                                        {
                                            "arg_type": 100000, 
                                            "args_list": [
                                                1.0
                                            ], 
                                            "sub_type": 1
                                        }, 
                                        null
                                    ], 
                                    "op_arg_enable": [
                                        false, 
                                        false, 
                                        true, 
                                        true, 
                                        false
                                    ]
                                }
                            ], 
                            "sub_type": 1
                        }, 
                        {
                            "arg_type": 100022, 
                            "args_list": [], 
                            "sub_type": 1
                        }
                    ], 
                    "bp": false, 
                    "element_id": 17635450900019, 
                    "enable": true, 
                    "fake_op": []
                }
            ], 
            "call_enabled": true, 
            "condition": [], 
            "enabled": false, 
            "event": [
                {
                    "args_list": [
                        {
                            "arg_type": 100003, 
                            "args_list": [
                                "Star-Shine"
                            ], 
                            "sub_type": 1
                        }
                    ], 
                    "element_id": 17635450900002, 
                    "enable": true, 
                    "event_type": "CUSTOM_EVENT"
                }
            ], 
            "group_id": 0, 
            "is_conf": true, 
            "p_trigger_id": 1914499073, 
            "trigger_id": 1763545090, 
            "trigger_name": "sub_trigger", 
            "valid": true
        }, 
        "1914499073": {
            "action": [
                {
                    "action_type": "SET_VARIABLE", 
                    "args_list": [
                        {
                            "arg_type": 100030, 
                            "args_list": [
                                [
                                    "UNIT_ENTITY", 
                                    "caster", 
                                    "local"
                                ]
                            ], 
                            "sub_type": 1
                        }, 
                        {
                            "arg_type": 100006, 
                            "args_list": [], 
                            "sub_type": "ABILITY_OWNER"
                        }
                    ], 
                    "bp": false, 
                    "element_id": 19144990730005, 
                    "enable": true
                }, 
                1763545090
            ], 
            "call_enabled": true, 
            "condition": [], 
            "enabled": true, 
            "event": [
                {
                    "args_list": [], 
                    "element_id": 19144990730001, 
                    "enable": true, 
                    "event_type": "ABILITY_OBTAIN"
                }
            ], 
            "group_id": 201385035, 
            "p_trigger_id": null, 
            "trigger_id": 1914499073, 
            "trigger_name": "Ability Gained", 
            "valid": true
        }
    }, 
    "trigger_version": "1.2", 
    "variable_dict": {
        "BOOLEAN": {}, 
        "DYNAMIC_TRIGGER_INSTANCE": {
            "trigger": 0
        }, 
        "PROJECTILE_ENTITY": {}, 
        "UNIT_ENTITY": {}
    }, 
    "variable_group_info": [
        [
            "trigger", 
            "(trigger)"
        ]
    ], 
    "variable_length_dict": {
        "trigger": 0
    }, 
    "variable_type_dict": {
        "trigger": false
    }
}