{
    "local_variable": {
        "1647607809": {
            "variable_dict": {
                "UNIT_ENTITY": {
                    "\u4fa6\u5bdf\u5b88\u536b": 0
                }
            }, 
            "variable_length_dict": {
                "\u4fa6\u5bdf\u5b88\u536b": 0
            }, 
            "variable_type_dict": {
                "\u4fa6\u5bdf\u5b88\u536b": false
            }
        }
    }, 
    "trigger_dict": {
        "1647607809": {
            "action": [
                {
                    "action_type": "CREATE_UNIT", 
                    "args_list": [
                        {
                            "arg_type": 100116, 
                            "args_list": [
                                201372630
                            ], 
                            "sub_type": 1
                        }, 
                        {
                            "arg_type": 100004, 
                            "args_list": [
                                {
                                    "arg_type": 100014, 
                                    "args_list": [], 
                                    "sub_type": "CUR_ABILITY"
                                }
                            ], 
                            "sub_type": "ABILITY_RELEASE_POSITION"
                        }, 
                        {
                            "arg_type": 100225, 
                            "args_list": [
                                {
                                    "arg_type": 100000, 
                                    "args_list": [
                                        180
                                    ], 
                                    "sub_type": 1
                                }
                            ], 
                            "sub_type": "GET_ANGLE_BY_FLOAT"
                        }, 
                        {
                            "arg_type": 100006, 
                            "args_list": [], 
                            "sub_type": "ABILITY_OWNER"
                        }
                    ], 
                    "bp": false, 
                    "element_id": 16476078090034, 
                    "enable": true
                }
            ], 
            "call_enabled": true, 
            "condition": [], 
            "enabled": true, 
            "event": [
                {
                    "args_list": [], 
                    "element_id": 16476078090003, 
                    "enable": true, 
                    "event_type": "ABILITY_PS_END"
                }
            ], 
            "group_id": 201355085, 
            "p_trigger_id": null, 
            "trigger_id": 1647607809, 
            "trigger_name": "AbilityPercastEnds", 
            "valid": false
        }
    }, 
    "trigger_version": "1.2", 
    "variable_dict": {}, 
    "variable_group_info": [], 
    "variable_length_dict": {}, 
    "variable_type_dict": {}
}