{
    "local_variable": {}, 
    "trigger_dict": {
        "374874113": {
            "action": [
                {
                    "action_type": "PLAY_ANIMATION", 
                    "args_list": [
                        {
                            "arg_type": 100006, 
                            "args_list": [], 
                            "sub_type": "ABILITY_OWNER"
                        }, 
                        {
                            "arg_type": 100003, 
                            "args_list": [
                                "ability_40001_01"
                            ], 
                            "sub_type": 1
                        }, 
                        {
                            "arg_type": 100000, 
                            "args_list": [
                                1.0
                            ], 
                            "sub_type": 1
                        }, 
                        {
                            "arg_type": 100000, 
                            "args_list": [
                                0.0
                            ], 
                            "sub_type": 1
                        }, 
                        {
                            "arg_type": 100000, 
                            "args_list": [
                                -1.0
                            ], 
                            "sub_type": 1
                        }, 
                        {
                            "arg_type": 100001, 
                            "args_list": [
                                false
                            ], 
                            "sub_type": 1
                        }, 
                        {
                            "arg_type": 100001, 
                            "args_list": [
                                true
                            ], 
                            "sub_type": 1
                        }
                    ], 
                    "bp": false, 
                    "element_id": 3748741130002, 
                    "enable": true
                }
            ], 
            "call_enabled": true, 
            "condition": [], 
            "enabled": true, 
            "event": [
                {
                    "args_list": [], 
                    "element_id": 3748741130001, 
                    "enable": true, 
                    "event_type": "ABILITY_PS_START"
                }
            ], 
            "group_id": 201332461, 
            "p_trigger_id": null, 
            "trigger_id": 374874113, 
            "trigger_name": "trigger_1", 
            "valid": true
        }, 
        "1969016834": {
            "action": [
                {
                    "action_type": "SET_VARIABLE", 
                    "args_list": [
                        {
                            "arg_type": 100030, 
                            "args_list": [
                                [
                                    "POINT", 
                                    "start_point", 
                                    "actor"
                                ]
                            ], 
                            "sub_type": 1
                        }, 
                        {
                            "arg_type": 100004, 
                            "args_list": [
                                {
                                    "arg_type": 100004, 
                                    "args_list": [
                                        {
                                            "arg_type": 100006, 
                                            "args_list": [], 
                                            "sub_type": "ABILITY_OWNER"
                                        }
                                    ], 
                                    "sub_type": "UNIT_ENTITY_POINT"
                                }, 
                                {
                                    "arg_type": 100225, 
                                    "args_list": [
                                        {
                                            "arg_type": 100006, 
                                            "args_list": [], 
                                            "sub_type": "ABILITY_OWNER"
                                        }
                                    ], 
                                    "sub_type": "UNIT_FACE_ANGLE"
                                }, 
                                {
                                    "arg_type": 100000, 
                                    "args_list": [
                                        100.0
                                    ], 
                                    "sub_type": 1
                                }
                            ], 
                            "sub_type": "POINT_OFFSET_VECTOR_POINT"
                        }
                    ], 
                    "bp": false, 
                    "element_id": 6364487700018, 
                    "enable": true
                }, 
                {
                    "action_type": "SET_VARIABLE", 
                    "args_list": [
                        {
                            "arg_type": 100030, 
                            "args_list": [
                                [
                                    "POINT", 
                                    "fog_center", 
                                    "actor"
                                ]
                            ], 
                            "sub_type": 1
                        }, 
                        {
                            "arg_type": 100004, 
                            "args_list": [
                                {
                                    "arg_type": 100004, 
                                    "args_list": [
                                        {
                                            "arg_type": 100006, 
                                            "args_list": [], 
                                            "sub_type": "ABILITY_OWNER"
                                        }
                                    ], 
                                    "sub_type": "UNIT_ENTITY_POINT"
                                }, 
                                {
                                    "arg_type": 100225, 
                                    "args_list": [
                                        {
                                            "arg_type": 100006, 
                                            "args_list": [], 
                                            "sub_type": "ABILITY_OWNER"
                                        }
                                    ], 
                                    "sub_type": "UNIT_FACE_ANGLE"
                                }, 
                                {
                                    "arg_type": 100000, 
                                    "args_list": [
                                        300.0
                                    ], 
                                    "sub_type": 1
                                }
                            ], 
                            "sub_type": "POINT_OFFSET_VECTOR_POINT"
                        }
                    ], 
                    "bp": false, 
                    "element_id": 19690168340037, 
                    "enable": true
                }, 
                {
                    "action_type": "CREATE_SFX_ON_POINT", 
                    "args_list": [
                        {
                            "arg_type": 100066, 
                            "args_list": [
                                102147
                            ], 
                            "sub_type": 1
                        }, 
                        {
                            "arg_type": 100004, 
                            "args_list": [
                                [
                                    "POINT", 
                                    "start_point", 
                                    "actor"
                                ], 
                                null
                            ], 
                            "sub_type": 19
                        }
                    ], 
                    "bp": false, 
                    "element_id": 19690168340020, 
                    "enable": true, 
                    "op_arg": [
                        {
                            "arg_type": 100225, 
                            "args_list": [
                                {
                                    "arg_type": 100006, 
                                    "args_list": [], 
                                    "sub_type": "ABILITY_OWNER"
                                }
                            ], 
                            "sub_type": "UNIT_FACE_ANGLE"
                        }, 
                        null, 
                        {
                            "arg_type": 100000, 
                            "args_list": [
                                100.0
                            ], 
                            "sub_type": 1
                        }, 
                        {
                            "arg_type": 100000, 
                            "args_list": [
                                1.0
                            ], 
                            "sub_type": 1
                        }, 
                        null
                    ], 
                    "op_arg_enable": [
                        true, 
                        false, 
                        true, 
                        true, 
                        false
                    ]
                }, 
                {
                    "action_type": "RUN_ONCE_TIMER_NO_SAVE", 
                    "args_list": [
                        {
                            "arg_type": 100000, 
                            "args_list": [
                                0.3
                            ], 
                            "sub_type": 1
                        }, 
                        {
                            "arg_type": 100022, 
                            "args_list": [
                                {
                                    "action_type": "CREATE_SFX_ON_POINT", 
                                    "args_list": [
                                        {
                                            "arg_type": 100066, 
                                            "args_list": [
                                                102148
                                            ], 
                                            "sub_type": 1
                                        }, 
                                        {
                                            "arg_type": 100004, 
                                            "args_list": [
                                                [
                                                    "POINT", 
                                                    "fog_center", 
                                                    "actor"
                                                ], 
                                                null
                                            ], 
                                            "sub_type": 19
                                        }
                                    ], 
                                    "bp": false, 
                                    "element_id": 19690168340005, 
                                    "enable": true, 
                                    "op_arg": [
                                        {
                                            "arg_type": 100225, 
                                            "args_list": [
                                                {
                                                    "arg_type": 100006, 
                                                    "args_list": [], 
                                                    "sub_type": "ABILITY_OWNER"
                                                }
                                            ], 
                                            "sub_type": "UNIT_FACE_ANGLE"
                                        }, 
                                        null, 
                                        {
                                            "arg_type": 100000, 
                                            "args_list": [
                                                100.0
                                            ], 
                                            "sub_type": 1
                                        }, 
                                        {
                                            "arg_type": 100000, 
                                            "args_list": [
                                                1.5
                                            ], 
                                            "sub_type": 1
                                        }, 
                                        null
                                    ], 
                                    "op_arg_enable": [
                                        true, 
                                        false, 
                                        true, 
                                        true, 
                                        false
                                    ]
                                }
                            ], 
                            "sub_type": 1
                        }
                    ], 
                    "bp": false, 
                    "element_id": 19690168340034, 
                    "enable": true, 
                    "local_var": [
                        {}, 
                        {}
                    ]
                }, 
                {
                    "action_type": "RUN_ONCE_TIMER_NO_SAVE", 
                    "args_list": [
                        {
                            "arg_type": 100000, 
                            "args_list": [
                                0.5
                            ], 
                            "sub_type": 1
                        }, 
                        {
                            "arg_type": 100022, 
                            "args_list": [
                                {
                                    "action_type": "PLAY_ANIMATION", 
                                    "args_list": [
                                        {
                                            "arg_type": 100006, 
                                            "args_list": [], 
                                            "sub_type": "ABILITY_OWNER"
                                        }, 
                                        {
                                            "arg_type": 100003, 
                                            "args_list": [
                                                "run"
                                            ], 
                                            "sub_type": 1
                                        }, 
                                        {
                                            "arg_type": 100000, 
                                            "args_list": [
                                                1.0
                                            ], 
                                            "sub_type": 1
                                        }, 
                                        {
                                            "arg_type": 100000, 
                                            "args_list": [
                                                0.0
                                            ], 
                                            "sub_type": 1
                                        }, 
                                        {
                                            "arg_type": 100000, 
                                            "args_list": [
                                                -1.0
                                            ], 
                                            "sub_type": 1
                                        }, 
                                        {
                                            "arg_type": 100001, 
                                            "args_list": [
                                                true
                                            ], 
                                            "sub_type": 1
                                        }, 
                                        {
                                            "arg_type": 100001, 
                                            "args_list": [
                                                false
                                            ], 
                                            "sub_type": 1
                                        }
                                    ], 
                                    "bp": false, 
                                    "element_id": 19690168340007, 
                                    "enable": true
                                }, 
                                {
                                    "action_type": "CREATE_STRAIGHT_MOVER", 
                                    "args_list": [
                                        {
                                            "arg_type": 100006, 
                                            "args_list": [], 
                                            "sub_type": "ABILITY_OWNER"
                                        }, 
                                        {
                                            "arg_type": 100225, 
                                            "args_list": [
                                                {
                                                    "arg_type": 100006, 
                                                    "args_list": [], 
                                                    "sub_type": "ABILITY_OWNER"
                                                }
                                            ], 
                                            "sub_type": "UNIT_FACE_ANGLE"
                                        }, 
                                        {
                                            "arg_type": 100000, 
                                            "args_list": [
                                                {
                                                    "arg_type": 100004, 
                                                    "args_list": [
                                                        {
                                                            "arg_type": 100006, 
                                                            "args_list": [], 
                                                            "sub_type": "ABILITY_OWNER"
                                                        }
                                                    ], 
                                                    "sub_type": "UNIT_ENTITY_POINT"
                                                }, 
                                                {
                                                    "arg_type": 100004, 
                                                    "args_list": [
                                                        [
                                                            "POINT", 
                                                            "fog_center", 
                                                            "actor"
                                                        ], 
                                                        null
                                                    ], 
                                                    "sub_type": 19
                                                }
                                            ], 
                                            "sub_type": "GET_POINTS_DIS"
                                        }, 
                                        {
                                            "arg_type": 100000, 
                                            "args_list": [
                                                2000.0
                                            ], 
                                            "sub_type": 1
                                        }, 
                                        {
                                            "arg_type": 100000, 
                                            "args_list": [
                                                0
                                            ], 
                                            "sub_type": 1
                                        }, 
                                        {
                                            "arg_type": 100022, 
                                            "args_list": [
                                                {
                                                    "action_type": "REPLACE_UNIT_MODEL", 
                                                    "args_list": [
                                                        {
                                                            "arg_type": 100006, 
                                                            "args_list": [], 
                                                            "sub_type": "ABILITY_OWNER"
                                                        }, 
                                                        {
                                                            "arg_type": 100122, 
                                                            "args_list": [
                                                                103014
                                                            ], 
                                                            "sub_type": 1
                                                        }
                                                    ], 
                                                    "bp": false, 
                                                    "element_id": 19690168340008, 
                                                    "enable": true
                                                }, 
                                                {
                                                    "action_type": "CREATE_SFX_ON_POINT", 
                                                    "args_list": [
                                                        {
                                                            "arg_type": 100066, 
                                                            "args_list": [
                                                                102149
                                                            ], 
                                                            "sub_type": 1
                                                        }, 
                                                        {
                                                            "arg_type": 100004, 
                                                            "args_list": [
                                                                [
                                                                    "POINT", 
                                                                    "fog_center", 
                                                                    "actor"
                                                                ], 
                                                                null
                                                            ], 
                                                            "sub_type": 19
                                                        }
                                                    ], 
                                                    "bp": false, 
                                                    "element_id": 19690168340009, 
                                                    "enable": true, 
                                                    "op_arg": [
                                                        {
                                                            "arg_type": 100225, 
                                                            "args_list": [
                                                                {
                                                                    "arg_type": 100006, 
                                                                    "args_list": [], 
                                                                    "sub_type": "ABILITY_OWNER"
                                                                }
                                                            ], 
                                                            "sub_type": "UNIT_FACE_ANGLE"
                                                        }, 
                                                        null, 
                                                        {
                                                            "arg_type": 100000, 
                                                            "args_list": [
                                                                100.0
                                                            ], 
                                                            "sub_type": 1
                                                        }, 
                                                        {
                                                            "arg_type": 100000, 
                                                            "args_list": [
                                                                2.0
                                                            ], 
                                                            "sub_type": 1
                                                        }, 
                                                        null
                                                    ], 
                                                    "op_arg_enable": [
                                                        true, 
                                                        false, 
                                                        true, 
                                                        true, 
                                                        false
                                                    ]
                                                }, 
                                                {
                                                    "action_type": "RUN_COUNT_TIMER_NO_SAVE", 
                                                    "args_list": [
                                                        {
                                                            "arg_type": 100000, 
                                                            "args_list": [
                                                                0.1
                                                            ], 
                                                            "sub_type": 1
                                                        }, 
                                                        {
                                                            "arg_type": 100002, 
                                                            "args_list": [
                                                                8
                                                            ], 
                                                            "sub_type": 1
                                                        }, 
                                                        {
                                                            "arg_type": 100001, 
                                                            "args_list": [
                                                                true
                                                            ], 
                                                            "sub_type": 1
                                                        }, 
                                                        {
                                                            "arg_type": 100022, 
                                                            "args_list": [
                                                                {
                                                                    "action_type": "PICK_UNIT_DO_ACTION", 
                                                                    "args_list": [
                                                                        {
                                                                            "arg_type": 100026, 
                                                                            "args_list": [
                                                                                {
                                                                                    "arg_type": 100004, 
                                                                                    "args_list": [
                                                                                        [
                                                                                            "POINT", 
                                                                                            "fog_center", 
                                                                                            "actor"
                                                                                        ], 
                                                                                        null
                                                                                    ], 
                                                                                    "sub_type": 19
                                                                                }, 
                                                                                {
                                                                                    "arg_type": 100211, 
                                                                                    "args_list": [
                                                                                        {
                                                                                            "arg_type": 100000, 
                                                                                            "args_list": [
                                                                                                350.0
                                                                                            ], 
                                                                                            "sub_type": 1
                                                                                        }
                                                                                    ], 
                                                                                    "sub_type": "CONST_CIRCULAR_SHAPE"
                                                                                }
                                                                            ], 
                                                                            "op_arg": [
                                                                                null, 
                                                                                null, 
                                                                                null, 
                                                                                null, 
                                                                                null, 
                                                                                null, 
                                                                                null, 
                                                                                null, 
                                                                                null, 
                                                                                null, 
                                                                                null, 
                                                                                null, 
                                                                                null, 
                                                                                null
                                                                            ], 
                                                                            "op_arg_enable": [
                                                                                false, 
                                                                                false, 
                                                                                false, 
                                                                                false, 
                                                                                false, 
                                                                                false, 
                                                                                false, 
                                                                                false, 
                                                                                false, 
                                                                                false, 
                                                                                false, 
                                                                                false, 
                                                                                false, 
                                                                                false
                                                                            ], 
                                                                            "sub_type": "UNIT_LIST_IN_SHAPE"
                                                                        }, 
                                                                        {
                                                                            "arg_type": 100022, 
                                                                            "args_list": [
                                                                                {
                                                                                    "action_type": "IF_THEN_ELSE", 
                                                                                    "args_list": [
                                                                                        {
                                                                                            "arg_type": 100021, 
                                                                                            "args_list": [
                                                                                                {
                                                                                                    "args_list": [
                                                                                                        {
                                                                                                            "arg_type": 100006, 
                                                                                                            "args_list": [], 
                                                                                                            "sub_type": "FOR_EACH_SELECTED_UNIT"
                                                                                                        }, 
                                                                                                        {
                                                                                                            "arg_type": 100006, 
                                                                                                            "args_list": [], 
                                                                                                            "sub_type": "ABILITY_OWNER"
                                                                                                        }
                                                                                                    ], 
                                                                                                    "condition_type": "IS_ENEMY", 
                                                                                                    "element_id": 19690168340010, 
                                                                                                    "enable": true
                                                                                                }
                                                                                            ], 
                                                                                            "sub_type": 1
                                                                                        }, 
                                                                                        {
                                                                                            "arg_type": 100022, 
                                                                                            "args_list": [
                                                                                                {
                                                                                                    "action_type": "APPLY_DAMAGE", 
                                                                                                    "args_list": [
                                                                                                        {
                                                                                                            "arg_type": 100006, 
                                                                                                            "args_list": [], 
                                                                                                            "sub_type": "ABILITY_OWNER"
                                                                                                        }, 
                                                                                                        {
                                                                                                            "arg_type": 100014, 
                                                                                                            "args_list": [], 
                                                                                                            "sub_type": "CUR_ABILITY"
                                                                                                        }, 
                                                                                                        {
                                                                                                            "arg_type": 100006, 
                                                                                                            "args_list": [], 
                                                                                                            "sub_type": "FOR_EACH_SELECTED_UNIT"
                                                                                                        }, 
                                                                                                        {
                                                                                                            "arg_type": 100064, 
                                                                                                            "args_list": [
                                                                                                                0
                                                                                                            ], 
                                                                                                            "sub_type": 1
                                                                                                        }, 
                                                                                                        {
                                                                                                            "arg_type": 100000, 
                                                                                                            "args_list": [
                                                                                                                {
                                                                                                                    "arg_type": 100014, 
                                                                                                                    "args_list": [], 
                                                                                                                    "sub_type": "CUR_ABILITY"
                                                                                                                }, 
                                                                                                                {
                                                                                                                    "arg_type": 100003, 
                                                                                                                    "args_list": [
                                                                                                                        "Damage"
                                                                                                                    ], 
                                                                                                                    "sub_type": 1
                                                                                                                }
                                                                                                            ], 
                                                                                                            "sub_type": "GET_FLOAT_KV"
                                                                                                        }, 
                                                                                                        {
                                                                                                            "arg_type": 100001, 
                                                                                                            "args_list": [
                                                                                                                true
                                                                                                            ], 
                                                                                                            "sub_type": 1
                                                                                                        }
                                                                                                    ], 
                                                                                                    "bp": false, 
                                                                                                    "element_id": 19690168340011, 
                                                                                                    "enable": true, 
                                                                                                    "op_arg": [
                                                                                                        {
                                                                                                            "arg_type": 100001, 
                                                                                                            "args_list": [
                                                                                                                true
                                                                                                            ], 
                                                                                                            "sub_type": 1
                                                                                                        }, 
                                                                                                        {
                                                                                                            "arg_type": 100001, 
                                                                                                            "args_list": [
                                                                                                                true
                                                                                                            ], 
                                                                                                            "sub_type": 1
                                                                                                        }, 
                                                                                                        {
                                                                                                            "arg_type": 100001, 
                                                                                                            "args_list": [
                                                                                                                true
                                                                                                            ], 
                                                                                                            "sub_type": 1
                                                                                                        }, 
                                                                                                        null, 
                                                                                                        null, 
                                                                                                        null
                                                                                                    ], 
                                                                                                    "op_arg_enable": [
                                                                                                        false, 
                                                                                                        false, 
                                                                                                        false, 
                                                                                                        false, 
                                                                                                        false, 
                                                                                                        false
                                                                                                    ]
                                                                                                }, 
                                                                                                {
                                                                                                    "action_type": "CURE_UNIT", 
                                                                                                    "args_list": [
                                                                                                        {
                                                                                                            "arg_type": 100006, 
                                                                                                            "args_list": [], 
                                                                                                            "sub_type": "ABILITY_OWNER"
                                                                                                        }, 
                                                                                                        {
                                                                                                            "arg_type": 100000, 
                                                                                                            "args_list": [
                                                                                                                {
                                                                                                                    "arg_type": 100000, 
                                                                                                                    "args_list": [
                                                                                                                        {
                                                                                                                            "arg_type": 100014, 
                                                                                                                            "args_list": [], 
                                                                                                                            "sub_type": "CUR_ABILITY"
                                                                                                                        }, 
                                                                                                                        {
                                                                                                                            "arg_type": 100003, 
                                                                                                                            "args_list": [
                                                                                                                                "Damage"
                                                                                                                            ], 
                                                                                                                            "sub_type": 1
                                                                                                                        }
                                                                                                                    ], 
                                                                                                                    "sub_type": "GET_FLOAT_KV"
                                                                                                                }, 
                                                                                                                {
                                                                                                                    "arg_type": 100017, 
                                                                                                                    "args_list": [
                                                                                                                        "*"
                                                                                                                    ], 
                                                                                                                    "sub_type": 1
                                                                                                                }, 
                                                                                                                {
                                                                                                                    "arg_type": 100000, 
                                                                                                                    "args_list": [
                                                                                                                        {
                                                                                                                            "arg_type": 100014, 
                                                                                                                            "args_list": [], 
                                                                                                                            "sub_type": "CUR_ABILITY"
                                                                                                                        }, 
                                                                                                                        {
                                                                                                                            "arg_type": 100003, 
                                                                                                                            "args_list": [
                                                                                                                                "Suck_Percent"
                                                                                                                            ], 
                                                                                                                            "sub_type": 1
                                                                                                                        }
                                                                                                                    ], 
                                                                                                                    "sub_type": "GET_FLOAT_KV"
                                                                                                                }
                                                                                                            ], 
                                                                                                            "sub_type": "ARITHMETIC_OPERATION"
                                                                                                        }, 
                                                                                                        {
                                                                                                            "arg_type": 100001, 
                                                                                                            "args_list": [
                                                                                                                true
                                                                                                            ], 
                                                                                                            "sub_type": 1
                                                                                                        }
                                                                                                    ], 
                                                                                                    "bp": false, 
                                                                                                    "element_id": 19690168340012, 
                                                                                                    "enable": true, 
                                                                                                    "op_arg": [
                                                                                                        null, 
                                                                                                        null, 
                                                                                                        null
                                                                                                    ], 
                                                                                                    "op_arg_enable": [
                                                                                                        false, 
                                                                                                        false, 
                                                                                                        false
                                                                                                    ]
                                                                                                }
                                                                                            ], 
                                                                                            "sub_type": 1
                                                                                        }, 
                                                                                        {
                                                                                            "arg_type": 100022, 
                                                                                            "args_list": [], 
                                                                                            "sub_type": 1
                                                                                        }
                                                                                    ], 
                                                                                    "bp": false, 
                                                                                    "element_id": 19690168340013, 
                                                                                    "enable": true, 
                                                                                    "fake_op": []
                                                                                }
                                                                            ], 
                                                                            "sub_type": 1
                                                                        }
                                                                    ], 
                                                                    "bp": false, 
                                                                    "element_id": 19690168340014, 
                                                                    "enable": true
                                                                }
                                                            ], 
                                                            "sub_type": 1
                                                        }
                                                    ], 
                                                    "bp": false, 
                                                    "element_id": 19690168340015, 
                                                    "enable": true, 
                                                    "local_var": [
                                                        {}, 
                                                        {}
                                                    ]
                                                }
                                            ], 
                                            "sub_type": 1
                                        }, 
                                        {
                                            "arg_type": 100022, 
                                            "args_list": [], 
                                            "sub_type": 1
                                        }, 
                                        {
                                            "arg_type": 100022, 
                                            "args_list": [], 
                                            "sub_type": 1
                                        }, 
                                        {
                                            "arg_type": 100022, 
                                            "args_list": [], 
                                            "sub_type": 1
                                        }, 
                                        {
                                            "arg_type": 100022, 
                                            "args_list": [], 
                                            "sub_type": 1
                                        }
                                    ], 
                                    "bp": false, 
                                    "element_id": 19690168340016, 
                                    "enable": true, 
                                    "fake_op": [], 
                                    "op_arg": [
                                        null, 
                                        null, 
                                        null, 
                                        null, 
                                        null, 
                                        null, 
                                        null, 
                                        null, 
                                        null, 
                                        null, 
                                        null, 
                                        null
                                    ], 
                                    "op_arg_enable": [
                                        false, 
                                        false, 
                                        false, 
                                        false, 
                                        false, 
                                        false, 
                                        false, 
                                        false, 
                                        false, 
                                        false, 
                                        false, 
                                        false
                                    ]
                                }
                            ], 
                            "sub_type": 1
                        }
                    ], 
                    "bp": false, 
                    "element_id": 19690168340109, 
                    "enable": true, 
                    "local_var": [
                        {}, 
                        {}
                    ]
                }, 
                {
                    "action_type": "RUN_ONCE_TIMER_NO_SAVE", 
                    "args_list": [
                        {
                            "arg_type": 100000, 
                            "args_list": [
                                1.5
                            ], 
                            "sub_type": 1
                        }, 
                        {
                            "arg_type": 100022, 
                            "args_list": [
                                {
                                    "action_type": "REPLACE_UNIT_MODEL", 
                                    "args_list": [
                                        {
                                            "arg_type": 100006, 
                                            "args_list": [], 
                                            "sub_type": "ABILITY_OWNER"
                                        }, 
                                        {
                                            "arg_type": 100122, 
                                            "args_list": [
                                                200486
                                            ], 
                                            "sub_type": 1
                                        }
                                    ], 
                                    "bp": false, 
                                    "element_id": 19690168340018, 
                                    "enable": true
                                }
                            ], 
                            "sub_type": 1
                        }
                    ], 
                    "bp": false, 
                    "element_id": 19690168340101, 
                    "enable": true, 
                    "local_var": [
                        {}, 
                        {}
                    ]
                }
            ], 
            "call_enabled": true, 
            "condition": [], 
            "enabled": true, 
            "event": [
                {
                    "args_list": [], 
                    "element_id": 19690168340002, 
                    "enable": true, 
                    "event_type": "ABILITY_PS_END"
                }
            ], 
            "group_id": 201332461, 
            "p_trigger_id": null, 
            "trigger_id": 1969016834, 
            "trigger_name": "trigger_2", 
            "valid": true
        }
    }, 
    "trigger_version": "1.2", 
    "variable_dict": {
        "POINT": {
            "fog_center": [
                0, 
                0, 
                0
            ], 
            "start_point": [
                0, 
                0, 
                0
            ]
        }
    }, 
    "variable_group_info": [
        [
            "start_point", 
            "(start_point)_2"
        ], 
        [
            "fog_center", 
            "(fog_center)_2"
        ]
    ], 
    "variable_length_dict": {
        "fog_center": 0, 
        "start_point": 0
    }, 
    "variable_type_dict": {
        "fog_center": false, 
        "start_point": false
    }
}