{
    "local_variable": {}, 
    "trigger_dict": {
        "586473479": {
            "action": [
                {
                    "action_type": "APPLY_DAMAGE", 
                    "args_list": [
                        {
                            "arg_type": 100006, 
                            "args_list": [
                                [
                                    "UNIT_ENTITY", 
                                    "U", 
                                    "actor"
                                ], 
                                null
                            ], 
                            "sub_type": 11
                        }, 
                        {
                            "arg_type": 100014, 
                            "args_list": [
                                {
                                    "arg_type": 100031, 
                                    "args_list": [], 
                                    "sub_type": "CUR_ITEM"
                                }
                            ], 
                            "op_arg": [
                                null
                            ], 
                            "op_arg_enable": [
                                false
                            ], 
                            "sub_type": "GET_ITEM_PASSIVE_ABILITY"
                        }, 
                        {
                            "arg_type": 100006, 
                            "args_list": [], 
                            "sub_type": "DAMAGE_SOURCE_UNIT"
                        }, 
                        {
                            "arg_type": 100064, 
                            "args_list": [
                                1
                            ], 
                            "sub_type": 1
                        }, 
                        {
                            "arg_type": 100000, 
                            "args_list": [
                                {
                                    "arg_type": 100000, 
                                    "args_list": [], 
                                    "sub_type": "HURT_DAMAGE"
                                }, 
                                {
                                    "arg_type": 100017, 
                                    "args_list": [
                                        "*"
                                    ], 
                                    "sub_type": 1
                                }, 
                                {
                                    "arg_type": 100000, 
                                    "args_list": [
                                        0.3
                                    ], 
                                    "sub_type": 1
                                }
                            ], 
                            "sub_type": "ARITHMETIC_OPERATION"
                        }, 
                        {
                            "arg_type": 100001, 
                            "args_list": [
                                true
                            ], 
                            "sub_type": 1
                        }
                    ], 
                    "bp": false, 
                    "element_id": 586473479000005, 
                    "enable": true, 
                    "op_arg": [
                        {
                            "arg_type": 100001, 
                            "args_list": [
                                true
                            ], 
                            "sub_type": 1
                        }, 
                        {
                            "arg_type": 100001, 
                            "args_list": [
                                true
                            ], 
                            "sub_type": 1
                        }, 
                        {
                            "arg_type": 100001, 
                            "args_list": [
                                true
                            ], 
                            "sub_type": 1
                        }, 
                        null, 
                        null, 
                        null
                    ], 
                    "op_arg_enable": [
                        false, 
                        false, 
                        false, 
                        false, 
                        false, 
                        false
                    ]
                }
            ], 
            "call_enabled": true, 
            "condition": [
                {
                    "args_list": [
                        {
                            "arg_type": 100219, 
                            "args_list": [
                                {
                                    "arg_type": 100014, 
                                    "args_list": [], 
                                    "sub_type": "DAMAGE_ABILITY"
                                }
                            ], 
                            "sub_type": "GET_ABILITY_CAST_TYPE"
                        }, 
                        {
                            "arg_type": 100035, 
                            "args_list": [
                                "=="
                            ], 
                            "sub_type": 1
                        }, 
                        {
                            "arg_type": 100219, 
                            "args_list": [
                                1
                            ], 
                            "sub_type": 1
                        }
                    ], 
                    "condition_type": "ABILITY_CAST_TYPE_COMPARE", 
                    "element_id": 586473479000002, 
                    "enable": true
                }, 
                {
                    "args_list": [
                        {
                            "arg_type": 100010, 
                            "args_list": [
                                2
                            ], 
                            "sub_type": 1
                        }, 
                        {
                            "arg_type": 100035, 
                            "args_list": [
                                "!="
                            ], 
                            "sub_type": 1
                        }, 
                        {
                            "arg_type": 100010, 
                            "args_list": [
                                {
                                    "arg_type": 100006, 
                                    "args_list": [], 
                                    "sub_type": "DAMAGE_SOURCE_UNIT"
                                }
                            ], 
                            "sub_type": "GET_UNIT_TYPE"
                        }
                    ], 
                    "condition_type": "UNIT_TYPE_COMPARE", 
                    "element_id": 586473479000003, 
                    "enable": true
                }
            ], 
            "enabled": false, 
            "event": [
                {
                    "args_list": [
                        {
                            "arg_type": 100006, 
                            "args_list": [
                                [
                                    "UNIT_ENTITY", 
                                    "U", 
                                    "actor"
                                ], 
                                null
                            ], 
                            "sub_type": 11
                        }, 
                        {
                            "arg_type": 100007, 
                            "args_list": [
                                "ET_UNIT_BE_HURT"
                            ], 
                            "sub_type": 1
                        }
                    ], 
                    "element_id": 586473479000001, 
                    "enable": true, 
                    "event_type": "SPECIAL_UNIT_EVENT"
                }
            ], 
            "group_id": 0, 
            "is_conf": true, 
            "p_trigger_id": 1497006081, 
            "sub_trigger_owner_set_var_action": {
                "action_type": "SET_VARIABLE", 
                "args_list": [
                    {
                        "arg_type": 100178, 
                        "args_list": [
                            [
                                "DYNAMIC_TRIGGER_INSTANCE", 
                                "Tr_rebouDam", 
                                "actor"
                            ], 
                            null
                        ], 
                        "sub_type": "VARIABLE"
                    }, 
                    {
                        "arg_type": 100178, 
                        "args_list": [
                            {
                                "arg_type": 1000673, 
                                "args_list": [
                                    586473479
                                ], 
                                "sub_type": 1
                            }
                        ], 
                        "sub_type": "REG_ITEM_TRIGGER"
                    }
                ], 
                "bp": false, 
                "element_id": 1497006081910090, 
                "enable": true
            }, 
            "trigger_id": 586473479, 
            "trigger_name": "\u5b50\u89e6\u53d1\u5668", 
            "valid": true
        }, 
        "1329844229": {
            "action": [
                {
                    "action_type": "UNREG_TRIGGER", 
                    "args_list": [
                        {
                            "arg_type": 100178, 
                            "args_list": [
                                [
                                    "DYNAMIC_TRIGGER_INSTANCE", 
                                    "Tr_rebouDam", 
                                    "actor"
                                ], 
                                null
                            ], 
                            "sub_type": "VARIABLE"
                        }
                    ], 
                    "bp": false, 
                    "element_id": 13298442290005, 
                    "enable": true
                }
            ], 
            "call_enabled": true, 
            "condition": [], 
            "enabled": true, 
            "event": [
                {
                    "args_list": [], 
                    "element_id": 13298442290002, 
                    "enable": true, 
                    "event_type": "ITEM_REMOVE_EVENT"
                }
            ], 
            "group_id": 134234796, 
            "p_trigger_id": null, 
            "trigger_id": 1329844229, 
            "trigger_name": "\u65b0\u5efa\u89e6\u53d1\u5668_2", 
            "valid": true
        }, 
        "1497006081": {
            "action": [
                {
                    "action_type": "SET_VARIABLE", 
                    "args_list": [
                        {
                            "arg_type": 100030, 
                            "args_list": [
                                [
                                    "UNIT_ENTITY", 
                                    "U", 
                                    "actor"
                                ]
                            ], 
                            "sub_type": 1
                        }, 
                        {
                            "arg_type": 100006, 
                            "args_list": [], 
                            "sub_type": "LAST_ADD_ITEM_UNIT"
                        }
                    ], 
                    "bp": false, 
                    "element_id": 789045249910088, 
                    "enable": true
                }, 
                586473479
            ], 
            "call_enabled": true, 
            "condition": [], 
            "enabled": true, 
            "event": [
                {
                    "args_list": [], 
                    "element_id": 14970060810001, 
                    "enable": true, 
                    "event_type": "ITEM_ADD_EVENT"
                }
            ], 
            "group_id": 134234796, 
            "p_trigger_id": null, 
            "trigger_id": 1497006081, 
            "trigger_name": "\u65b0\u5efa\u89e6\u53d1\u5668", 
            "valid": true
        }
    }, 
    "trigger_group_info": [
        [
            586473479, 
            "\u5b50\u89e6\u53d1\u5668"
        ], 
        {
            "_trigger_group_": true, 
            "group": [
                [
                    1329844229, 
                    "\u65b0\u5efa\u89e6\u53d1\u5668_2"
                ], 
                [
                    1497006081, 
                    "\u65b0\u5efa\u89e6\u53d1\u5668"
                ]
            ], 
            "key": 134234796, 
            "name": "134234796"
        }
    ], 
    "trigger_version": "1.2", 
    "variable_dict": {
        "BOOLEAN": {
            "CD": true
        }, 
        "DYNAMIC_TRIGGER_INSTANCE": {
            "Tr_rebouDam": 0
        }, 
        "ITEM_ENTITY": {
            "dq": 0
        }, 
        "NEW_TIMER": {}, 
        "UNIT_ENTITY": {
            "U": 0
        }
    }, 
    "variable_group_info": [
        [
            "Tr_rebouDam", 
            "(Tr_rebouDam)_2"
        ], 
        [
            "U", 
            "(U)_2"
        ], 
        [
            "CD", 
            "CD_2"
        ], 
        [
            "dq", 
            "dq_2"
        ]
    ], 
    "variable_length_dict": {
        "CD": 0, 
        "Tr_rebouDam": 0, 
        "U": 0, 
        "dq": 0
    }, 
    "variable_type_dict": {
        "CD": false, 
        "Tr_rebouDam": false, 
        "U": false, 
        "dq": false
    }
}