{
    "local_variable": {
        "805789697": {
            "variable_dict": {
                "ROUND_AREA": {
                    "\u5929\u7f61\u6218\u5f79\u56db\u9636": 0
                }
            }, 
            "variable_length_dict": {
                "\u5929\u7f61\u6218\u5f79\u56db\u9636": 0
            }, 
            "variable_type_dict": {
                "\u5929\u7f61\u6218\u5f79\u56db\u9636": false
            }
        }
    }, 
    "trigger_dict": {
        "100192263": {
            "action": [
                {
                    "action_type": "CREATE_SFX_ON_UNIT", 
                    "args_list": [
                        {
                            "arg_type": 100066, 
                            "args_list": [
                                102595
                            ], 
                            "sub_type": 1
                        }, 
                        {
                            "arg_type": 100006, 
                            "args_list": [
                                [
                                    "UNIT_ENTITY", 
                                    "U", 
                                    "actor"
                                ], 
                                null
                            ], 
                            "sub_type": 11
                        }, 
                        {
                            "arg_type": 100003, 
                            "args_list": [
                                "root"
                            ], 
                            "sub_type": 1
                        }, 
                        {
                            "arg_type": 100001, 
                            "args_list": [
                                true
                            ], 
                            "sub_type": 1
                        }, 
                        {
                            "arg_type": 100001, 
                            "args_list": [
                                true
                            ], 
                            "sub_type": 1
                        }
                    ], 
                    "bp": false, 
                    "element_id": 100192263000002, 
                    "enable": true, 
                    "op_arg": [
                        null, 
                        {
                            "arg_type": 100000, 
                            "args_list": [
                                3.0
                            ], 
                            "sub_type": 1
                        }, 
                        null, 
                        null
                    ], 
                    "op_arg_enable": [
                        false, 
                        true, 
                        false, 
                        false
                    ]
                }, 
                {
                    "action_type": "ADD_MODIFIER", 
                    "args_list": [
                        {
                            "arg_type": 100006, 
                            "args_list": [
                                [
                                    "UNIT_ENTITY", 
                                    "U", 
                                    "actor"
                                ]
                            ], 
                            "sub_type": 11
                        }, 
                        {
                            "arg_type": 100046, 
                            "args_list": [
                                134241474
                            ], 
                            "sub_type": 1
                        }
                    ], 
                    "bp": false, 
                    "element_id": 100192263000003, 
                    "enable": true, 
                    "op_arg": [
                        null, 
                        null, 
                        {
                            "arg_type": 100000, 
                            "args_list": [
                                3.0
                            ], 
                            "sub_type": 1
                        }, 
                        null, 
                        null
                    ], 
                    "op_arg_enable": [
                        false, 
                        false, 
                        true, 
                        false, 
                        false
                    ]
                }
            ], 
            "call_enabled": true, 
            "condition": [], 
            "enabled": false, 
            "event": [
                {
                    "args_list": [
                        {
                            "arg_type": 100006, 
                            "args_list": [
                                [
                                    "UNIT_ENTITY", 
                                    "U", 
                                    "actor"
                                ]
                            ], 
                            "sub_type": 11
                        }, 
                        {
                            "arg_type": 100007, 
                            "args_list": [
                                "ET_UNIT_BE_HURT"
                            ], 
                            "sub_type": 1
                        }
                    ], 
                    "element_id": 100192263000001, 
                    "enable": true, 
                    "event_type": "SPECIAL_UNIT_EVENT"
                }
            ], 
            "group_id": 0, 
            "is_conf": true, 
            "p_trigger_id": 805789697, 
            "sub_trigger_owner_set_var_action": {
                "action_type": "SET_VARIABLE", 
                "args_list": [
                    {
                        "arg_type": 100178, 
                        "args_list": [
                            [
                                "DYNAMIC_TRIGGER_INSTANCE", 
                                "\u5929\u7f61\u6218\u8863\u4e8c\u9636", 
                                "actor"
                            ], 
                            null
                        ], 
                        "sub_type": "VARIABLE"
                    }, 
                    {
                        "arg_type": 100178, 
                        "args_list": [
                            {
                                "arg_type": 1000673, 
                                "args_list": [
                                    100192263
                                ], 
                                "sub_type": 1
                            }
                        ], 
                        "sub_type": "REG_ITEM_TRIGGER"
                    }
                ], 
                "bp": false, 
                "element_id": 805789697970017, 
                "enable": true
            }, 
            "trigger_id": 100192263, 
            "trigger_name": "\u5929\u7f61\u6218\u88632\u9636_2", 
            "valid": true
        }, 
        "389832709": {
            "action": [
                {
                    "action_type": "UNREG_TRIGGER", 
                    "args_list": [
                        {
                            "arg_type": 100178, 
                            "args_list": [
                                [
                                    "DYNAMIC_TRIGGER_INSTANCE", 
                                    "\u5929\u7f61\u6218\u8863\u4e8c\u9636", 
                                    "actor"
                                ], 
                                null
                            ], 
                            "sub_type": "VARIABLE"
                        }
                    ], 
                    "bp": false, 
                    "element_id": 3898327090005, 
                    "enable": true
                }, 
                {
                    "action_type": "REMOVE_BUFF_TYPE", 
                    "args_list": [
                        {
                            "arg_type": 100006, 
                            "args_list": [], 
                            "sub_type": "LAST_REMOVE_ITEM_UNIT"
                        }, 
                        {
                            "arg_type": 100046, 
                            "args_list": [
                                134228093
                            ], 
                            "sub_type": 1
                        }
                    ], 
                    "bp": false, 
                    "element_id": 3898327090009, 
                    "enable": true
                }
            ], 
            "call_enabled": true, 
            "condition": [], 
            "enabled": true, 
            "event": [
                {
                    "args_list": [], 
                    "element_id": 3898327090002, 
                    "enable": true, 
                    "event_type": "ITEM_REMOVE_EVENT"
                }
            ], 
            "group_id": 134229235, 
            "p_trigger_id": null, 
            "trigger_id": 389832709, 
            "trigger_name": "\u65b0\u5efa\u89e6\u53d1\u5668_2", 
            "valid": true
        }, 
        "805789697": {
            "action": [
                {
                    "action_type": "SET_VARIABLE", 
                    "args_list": [
                        {
                            "arg_type": 100030, 
                            "args_list": [
                                [
                                    "UNIT_ENTITY", 
                                    "U", 
                                    "actor"
                                ]
                            ], 
                            "sub_type": 1
                        }, 
                        {
                            "arg_type": 100006, 
                            "args_list": [], 
                            "sub_type": "LAST_ADD_ITEM_UNIT"
                        }
                    ], 
                    "bp": false, 
                    "element_id": 789045249910088, 
                    "enable": true
                }, 
                100192263, 
                {
                    "action_type": "ADD_MODIFIER", 
                    "args_list": [
                        {
                            "arg_type": 100006, 
                            "args_list": [
                                [
                                    "UNIT_ENTITY", 
                                    "U", 
                                    "actor"
                                ], 
                                null
                            ], 
                            "sub_type": 11
                        }, 
                        {
                            "arg_type": 100046, 
                            "args_list": [
                                134228093
                            ], 
                            "sub_type": 1
                        }
                    ], 
                    "bp": false, 
                    "element_id": 16614318110076, 
                    "enable": true, 
                    "op_arg": [
                        null, 
                        null, 
                        null, 
                        null, 
                        null
                    ], 
                    "op_arg_enable": [
                        false, 
                        false, 
                        false, 
                        false, 
                        false
                    ]
                }
            ], 
            "call_enabled": true, 
            "condition": [], 
            "enabled": true, 
            "event": [
                {
                    "args_list": [], 
                    "element_id": 8057896970001, 
                    "enable": true, 
                    "event_type": "ITEM_ADD_EVENT"
                }
            ], 
            "group_id": 134229235, 
            "p_trigger_id": null, 
            "trigger_id": 805789697, 
            "trigger_name": "\u65b0\u5efa\u89e6\u53d1\u5668", 
            "valid": true
        }
    }, 
    "trigger_group_info": [
        [
            100192263, 
            "\u5929\u7f61\u6218\u88632\u9636_2"
        ], 
        {
            "_trigger_group_": true, 
            "group": [
                [
                    389832709, 
                    "\u65b0\u5efa\u89e6\u53d1\u5668_2"
                ], 
                [
                    805789697, 
                    "\u65b0\u5efa\u89e6\u53d1\u5668"
                ]
            ], 
            "key": 134229235, 
            "name": "134229235"
        }
    ], 
    "trigger_version": "1.2", 
    "variable_dict": {
        "DYNAMIC_TRIGGER_INSTANCE": {
            "\u5929\u7f61\u6218\u8863\u4e8c\u9636": 0
        }, 
        "UNIT_ENTITY": {
            "U": 0
        }
    }, 
    "variable_group_info": [
        [
            "\u5929\u7f61\u6218\u8863\u4e8c\u9636", 
            "(\u5929\u7f61\u6218\u8863\u4e8c\u9636)"
        ], 
        [
            "U", 
            "(U)"
        ]
    ], 
    "variable_length_dict": {
        "U": 0, 
        "\u5929\u7f61\u6218\u8863\u4e8c\u9636": 0
    }, 
    "variable_type_dict": {
        "U": false, 
        "\u5929\u7f61\u6218\u8863\u4e8c\u9636": false
    }
}