{
    "local_variable": {}, 
    "trigger_dict": {
        "1894653953": {
            "action": [
                {
                    "action_type": "ADD_ATTR", 
                    "args_list": [
                        {
                            "arg_type": 100006, 
                            "args_list": [], 
                            "sub_type": "GET_UNIT_FROM_EVENT"
                        }, 
                        {
                            "arg_type": 100300, 
                            "args_list": [
                                "ATTR_BONUS"
                            ], 
                            "sub_type": 1
                        }, 
                        {
                            "arg_type": 100042, 
                            "args_list": [
                                "attack_mag"
                            ], 
                            "sub_type": 1
                        }, 
                        {
                            "arg_type": 100000, 
                            "args_list": [
                                20.0
                            ], 
                            "sub_type": 1
                        }
                    ], 
                    "bp": false, 
                    "element_id": 1894653953530007, 
                    "enable": true
                }
            ], 
            "call_enabled": true, 
            "condition": [], 
            "enabled": true, 
            "event": [
                {
                    "args_list": [], 
                    "element_id": 18946539530002, 
                    "enable": true, 
                    "event_type": "ITEM_USE_EVENT"
                }
            ], 
            "group_id": 134266379, 
            "p_trigger_id": null, 
            "trigger_id": 1894653953, 
            "trigger_name": "\u65b0\u5efa\u89e6\u53d1\u5668", 
            "valid": true
        }
    }, 
    "trigger_group_info": [
        {
            "_trigger_group_": true, 
            "group": [
                [
                    1894653953, 
                    "\u65b0\u5efa\u89e6\u53d1\u5668"
                ]
            ], 
            "key": 134266379, 
            "name": "134266379"
        }
    ], 
    "trigger_version": "1.2", 
    "variable_dict": {}, 
    "variable_group_info": [], 
    "variable_length_dict": {}, 
    "variable_type_dict": {}
}